"time (UTC)","battery (V)","dewPoint (°C)","humidity (%)","irradiation (W/m2)","irradiation_max (W/m2)","pressure_raw (hPa)","rain (mm)","temperature (°C)","temperature_max (°C)","temperature_min (°C)","rainfall_rate_max (mm/h)","pressure (hPa)","temperature_wetbulb_stull2011_C (°C)"
"2024-01-01 09:20:00",4.1500,7.69,70.6000,136,166,1006.75,,12.90,13.00,12.70,,1016.53,9.7300
"2024-01-01 09:30:00",4.1500,7.51,68.4000,110,156,1006.80,0,13.20,13.30,13.10,,1016.57,9.7800
"2024-01-01 09:40:00",4.1500,7.67,69.6000,148,232,1006.80,0,13.10,13.20,13.00,,1016.57,9.8100
"2024-01-01 09:50:00",4.1500,7.94,70.4000,220,246,1006.75,0,13.20,13.30,13.10,,1016.52,9.9900
"2024-01-01 10:00:00",4.1500,7.77,69.6000,276,324,1006.70,0,13.20,13.20,13.20,,1016.47,9.9000
"2024-01-01 10:10:00",4.1500,7.88,69.2000,278,364,1006.65,0,13.40,13.50,13.40,,1016.41,10.0500
"2024-01-01 10:20:00",4.1500,7.92,70.8000,212,364,1006.55,0,13.10,13.20,13.00,,1016.32,9.9400
"2024-01-01 10:30:00",4.1500,7.80,70.2000,314,354,1006.45,0,13.10,13.20,13.00,,1016.22,9.8700
"2024-01-01 10:40:00",4.1500,7.85,70.0000,382,480,1006.45,0,13.20,13.30,13.10,,1016.22,9.9500
"2024-01-01 10:50:00",4.1500,8.09,70.2000,344,504,1006.35,0,13.40,13.50,13.40,,1016.11,10.1500
"2024-01-01 11:00:00",4.1500,8.07,70.6000,200,452,1006.25,0,13.30,13.40,13.20,,1016.01,10.1000
"2024-01-01 11:10:00",4.1500,7.91,69.8000,448,508,1006.15,0,13.30,13.40,13.20,,1015.91,10.0200
"2024-01-01 11:20:00",4.1500,7.70,68.8000,328,502,1006.25,0,13.30,13.30,13.30,,1016.01,9.9100
"2024-01-01 11:30:00",4.1500,7.82,69.4000,248,484,1006.20,0,13.30,13.40,13.20,,1015.96,9.9800
"2024-01-01 11:40:00",4.1500,7.70,68.8000,188,212,1006.00,0,13.30,13.40,13.20,,1015.76,9.9100
"2024-01-01 11:50:00",4.1500,7.88,69.2000,200,230,1005.95,0,13.40,13.60,13.30,,1015.70,10.0500
"2024-01-01 12:00:00",4.1500,8.25,71.0000,220,230,1005.90,0,13.40,13.50,13.30,,1015.65,10.2400
"2024-01-01 12:10:00",4.1500,8.16,71.0000,220,230,1005.80,0,13.30,13.50,13.20,,1015.56,10.1400
"2024-01-01 12:20:00",4.1500,8.02,70.8000,236,262,1005.65,0,13.20,13.40,13.10,,1015.41,10.0300
"2024-01-01 12:30:00",4.1500,7.47,68.2000,232,260,1005.60,0,13.20,13.20,13.20,,1015.36,9.7600
"2024-01-01 12:40:00",4.1500,7.63,69.4000,292,502,1005.50,0,13.10,13.10,13.10,,1015.26,9.7900
"2024-01-01 12:50:00",4.1500,7.67,69.6000,498,578,1005.45,0,13.10,13.20,13.10,,1015.21,9.8100
"2024-01-01 13:00:00",4.1500,8.13,71.8000,500,566,1005.35,0,13.10,13.20,13.10,,1015.11,10.0400
"2024-01-01 13:10:00",4.1500,7.67,69.6000,476,544,1005.20,0,13.10,13.10,13.00,,1014.96,9.8100
"2024-01-01 13:20:00",4.1500,7.84,70.4000,426,468,1005.15,0,13.10,13.20,13.00,,1014.91,9.8900
"2024-01-01 13:30:00",4.1500,7.99,71.6000,366,464,1005.20,0,13.00,13.20,12.90,,1014.96,9.9300
"2024-01-01 13:40:00",4.1500,7.99,71.6000,350,388,1005.15,0,13.00,13.10,13.00,,1014.91,9.9300
"2024-01-01 13:50:00",4.1500,8.02,72.2000,216,302,1005.20,0,12.90,13.00,12.80,,1014.96,9.9000
"2024-01-01 14:00:00",4.1500,8.02,72.2000,152,228,1005.25,0,12.90,12.90,12.90,,1015.02,9.9000
"2024-01-01 14:10:00",4.1500,8.02,72.2000,234,270,1005.20,0,12.90,12.90,12.90,,1014.96,9.9000
"2024-01-01 14:20:00",4.1500,8.06,72.4000,192,242,1005.25,0,12.90,13.00,12.80,,1015.02,9.9200
"2024-01-01 14:30:00",4.1500,8.22,73.2000,130,164,1005.30,0,12.90,13.00,12.80,,1015.07,10.0000
"2024-01-01 14:40:00",4.1500,8.05,72.8000,122,146,1005.40,0,12.80,12.90,12.80,,1015.17,9.8600
"2024-01-01 14:50:00",4.1500,7.92,72.2000,84,116,1005.45,0,12.80,12.90,12.80,,1015.22,9.8000
"2024-01-01 15:00:00",4.1500,7.96,72.4000,62,84,1005.40,0,12.80,12.90,12.70,,1015.17,9.8200
"2024-01-01 15:10:00",4.1500,7.95,72.8000,46,52,1005.50,0,12.70,12.70,12.70,,1015.28,9.7700
"2024-01-01 15:20:00",4.1500,7.95,72.8000,32,36,1005.55,0,12.70,12.80,12.70,,1015.33,9.7700
"2024-01-01 15:30:00",4.1500,7.91,72.6000,22,26,1005.65,0,12.70,12.80,12.70,,1015.43,9.7500
"2024-01-01 15:40:00",4.1500,7.99,73.0000,14,16,1005.65,0,12.70,12.70,12.70,,1015.43,9.7900
"2024-01-01 15:50:00",4.1500,8.07,73.4000,6,8,1005.65,0,12.70,12.80,12.60,,1015.43,9.8300
"2024-01-01 16:00:00",4.1500,7.89,73.0000,2,2,1005.70,0,12.60,12.60,12.60,,1015.48,9.7000
"2024-01-01 16:10:00",4.1500,7.73,72.2000,0,0,1005.80,0,12.60,12.70,12.60,,1015.58,9.6100
"2024-01-01 16:20:00",4.1500,7.95,72.8000,0,0,1005.90,0,12.70,12.70,12.70,,1015.68,9.7700
"2024-01-01 16:30:00",4.1500,8.11,73.6000,0,0,1005.80,0,12.70,12.80,12.70,,1015.58,9.8500
"2024-01-01 16:40:00",4.1500,8.11,73.6000,0,0,1005.90,0,12.70,12.70,12.70,,1015.68,9.8500
"2024-01-01 16:50:00",4.1500,8.03,73.2000,0,0,1005.95,0,12.70,12.80,12.70,,1015.73,9.8100
"2024-01-01 17:00:00",4.1500,8.11,73.6000,0,0,1006.10,0,12.70,12.70,12.60,,1015.88,9.8500
"2024-01-01 17:10:00",4.1500,8.37,74.4000,0,0,1006.05,0,12.80,12.80,12.70,,1015.83,10.0300
"2024-01-01 17:20:00",4.1500,8.15,73.8000,0,0,1006.05,0,12.70,12.70,12.70,,1015.83,9.8700
"2024-01-01 17:30:00",4.1500,8.19,74.0000,0,0,1006.15,0,12.70,12.70,12.70,,1015.93,9.8900
"2024-01-01 17:40:00",4.1500,8.11,73.6000,0,0,1006.25,0,12.70,12.80,12.70,,1016.03,9.8500
"2024-01-01 17:50:00",4.1500,7.96,72.4000,0,0,1006.40,0,12.80,12.80,12.80,,1016.18,9.8200
"2024-01-01 18:00:00",4.1500,8.01,72.6000,0,0,1006.55,0,12.80,12.80,12.80,,1016.33,9.8400
"2024-01-01 18:10:00",4.1500,8.01,72.6000,0,0,1006.65,0,12.80,12.90,12.80,,1016.43,9.8400
"2024-01-01 18:20:00",4.1500,8.18,73.0000,0,0,1006.65,0,12.90,12.90,12.90,,1016.43,9.9800
"2024-01-01 18:30:00",4.1500,8.22,73.2000,0,0,1006.75,0,12.90,13.00,12.90,,1016.53,10.0000
"2024-01-01 18:40:00",4.1500,8.06,72.4000,0,0,1006.80,0,12.90,13.00,12.90,,1016.58,9.9200
"2024-01-01 18:50:00",4.1500,7.84,71.8000,0,0,1006.85,0,12.80,12.90,12.80,,1016.63,9.7600
"2024-01-01 19:00:00",4.1500,8.02,72.2000,0,0,1006.90,0,12.90,13.00,12.90,,1016.68,9.9000
"2024-01-01 19:10:00",4.1500,8.14,72.8000,0,0,1007.05,0,12.90,12.90,12.90,,1016.83,9.9600
"2024-01-01 19:20:00",4.1500,8.36,73.4000,0,0,1007.20,0,13.00,13.00,12.90,,1016.98,10.1100
"2024-01-01 19:30:00",4.1500,8.36,73.4000,0,0,1007.35,0,13.00,13.00,13.00,,1017.13,10.1100
"2024-01-01 19:40:00",4.1500,8.36,73.4000,0,0,1007.40,0,13.00,13.10,12.90,,1017.18,10.1100
"2024-01-01 19:50:00",4.1500,8.62,74.2000,0,0,1007.30,0,13.10,13.20,13.00,,1017.08,10.2900
"2024-01-01 20:00:00",4.1500,8.48,74.0000,0,0,1007.20,0,13.00,13.10,13.00,,1016.98,10.1800
"2024-01-01 20:10:00",4.1500,8.30,73.6000,0,0,1007.15,0,12.90,13.00,12.90,,1016.93,10.0400
"2024-01-01 20:20:00",4.1500,8.38,74.0000,0,0,1007.20,0,12.90,13.00,12.90,,1016.98,10.0800
"2024-01-01 20:30:00",4.1500,8.52,74.2000,0,0,1007.20,0,13.00,13.10,13.00,,1016.98,10.2000
"2024-01-01 20:40:00",4.1500,8.52,74.2000,0,0,1007.25,0,13.00,13.00,13.00,,1017.03,10.2000
"2024-01-01 20:50:00",4.1500,8.44,74.8000,0,0,1007.20,0,12.80,13.00,12.40,,1016.99,10.0700
"2024-01-01 21:00:00",4.1500,8.16,75.8000,0,0,1007.25,0,12.30,12.30,12.30,,1017.06,9.7000
"2024-01-01 21:10:00",4.1500,8.23,76.2000,0,0,1007.20,0,12.30,12.30,12.30,,1017.01,9.7400
"2024-01-01 21:20:00",4.1500,8.27,76.4000,0,0,1007.20,0,12.30,12.30,12.30,,1017.01,9.7600
"2024-01-01 21:30:00",4.1500,8.45,76.8000,0,0,1007.40,0,12.40,12.40,12.40,,1017.21,9.9000
"2024-01-01 21:40:00",4.1500,8.54,76.8000,0,0,1007.45,0,12.50,12.50,12.50,,1017.25,10.0000
"2024-01-01 21:50:00",4.1500,8.72,77.2000,0,0,1007.65,0,12.60,12.70,12.60,,1017.45,10.1300
"2024-01-01 22:00:00",4.1500,8.81,77.2000,0,0,1007.75,0,12.70,12.80,12.70,,1017.55,10.2300
"2024-01-01 22:10:00",4.1500,8.81,77.2000,0,0,1007.90,0,12.70,12.70,12.70,,1017.70,10.2300
"2024-01-01 22:20:00",4.1500,8.85,77.4000,0,0,1008.00,0,12.70,12.70,12.70,,1017.80,10.2500
"2024-01-01 22:30:00",4.1500,8.72,77.2000,0,0,1008.05,0,12.60,12.60,12.60,,1017.85,10.1300
"2024-01-01 22:40:00",4.1500,8.76,77.4000,0,0,1008.10,0,12.60,12.70,12.60,,1017.90,10.1500
"2024-01-01 22:50:00",4.1500,8.70,77.6000,0,0,1007.90,0,12.50,12.50,12.50,,1017.71,10.0800
"2024-01-01 23:00:00",4.1500,8.70,77.6000,0,0,1007.80,0,12.50,12.50,12.40,,1017.61,10.0800
"2024-01-01 23:10:00",4.1500,8.87,78.0000,0,0,1007.75,0,12.60,12.70,12.60,,1017.55,10.2200
"2024-01-01 23:20:00",4.1500,8.93,77.8000,0,0,1007.65,0,12.70,12.80,12.60,,1017.45,10.2900
"2024-01-01 23:30:00",4.1500,9.00,78.2000,0,0,1007.45,0,12.70,12.80,12.60,,1017.24,10.3300
"2024-01-01 23:40:00",4.1500,8.63,78.8000,0,0,1007.40,0,12.20,12.50,11.90,,1017.21,9.9200
"2024-01-01 23:50:00",4.1500,8.37,80.0000,0,0,1007.35,0,11.70,11.90,11.60,,1017.18,9.5600
"2024-01-02 00:00:00",4.1500,8.31,80.2000,0,0,1007.35,0,11.60,11.60,11.60,,1017.19,9.4900
"2024-01-02 00:10:00",4.1500,8.23,79.8000,0,0,1007.35,0,11.60,11.60,11.60,,1017.19,9.4400
"2024-01-02 00:20:00",4.1500,8.20,79.6000,0,0,1007.45,0,11.60,11.60,11.60,,1017.29,9.4200
"2024-01-02 00:30:00",4.1500,8.14,79.8000,0,0,1007.60,0,11.50,11.50,11.50,,1017.44,9.3500
"2024-01-02 00:40:00",4.1500,8.39,79.6000,0,0,1007.65,0,11.80,12.30,11.50,,1017.48,9.6200
"2024-01-02 00:50:00",4.1500,8.62,78.2000,0,0,1007.65,0,12.30,12.30,12.20,,1017.46,9.9500
"2024-01-02 01:00:00",4.1500,8.71,78.2000,0,0,1007.60,0,12.40,12.40,12.40,,1017.41,10.0500
"2024-01-02 01:10:00",4.1500,8.79,78.6000,0,0,1007.70,0,12.40,12.40,12.40,,1017.51,10.0900
"2024-01-02 01:20:00",4.1500,8.75,78.4000,0,0,1007.80,0,12.40,12.40,12.40,,1017.61,10.0700
"2024-01-02 01:30:00",4.1500,8.86,79.0000,0,0,1007.90,0,12.40,12.50,12.30,,1017.71,10.1300
"2024-01-02 01:40:00",4.1500,8.80,79.2000,0,0,1008.00,0,12.30,12.30,12.30,,1017.82,10.0500
"2024-01-02 01:50:00",4.1500,8.92,79.8000,0,0,1008.20,0,12.30,12.30,12.30,,1018.02,10.1200
"2024-01-02 02:00:00",4.1500,9.01,79.8000,0,0,1008.20,0,12.40,12.40,12.40,,1018.01,10.2100
"2024-01-02 02:10:00",4.1500,8.92,79.8000,0,0,1008.20,0,12.30,12.40,12.30,,1018.02,10.1200
"2024-01-02 02:20:00",4.1500,8.82,79.8000,0,0,1008.15,0,12.20,12.30,12.00,,1017.97,10.0200
"2024-01-02 02:30:00",4.1500,8.55,81.0000,0,0,1008.10,0,11.70,11.90,11.60,,1017.94,9.6600
"2024-01-02 02:40:00",4.1500,8.49,81.2000,0,0,1008.05,0,11.60,11.60,11.60,,1017.89,9.5900
"2024-01-02 02:50:00",4.1500,8.42,80.8000,0,0,1007.95,0,11.60,11.60,11.60,,1017.79,9.5500
"2024-01-02 03:00:00",4.1500,8.31,80.2000,0,0,1007.90,0,11.60,11.60,11.60,,1017.74,9.4900
"2024-01-02 03:10:00",4.1500,8.20,79.6000,0,0,1007.90,0,11.60,11.60,11.60,,1017.74,9.4200
"2024-01-02 03:20:00",4.1500,8.22,79.2000,0,0,1007.90,0,11.70,11.70,11.60,,1017.74,9.4800
"2024-01-02 03:30:00",4.1500,8.11,78.6000,0,0,1007.95,0,11.70,11.70,11.60,,1017.79,9.4200
"2024-01-02 03:40:00",4.1500,8.21,78.6000,0,0,1007.90,0,11.80,11.80,11.80,,1017.73,9.5100
"2024-01-02 03:50:00",4.1500,8.15,78.8000,0,0,1007.80,0,11.70,11.80,11.60,,1017.64,9.4400
"2024-01-02 04:00:00",4.1500,8.01,78.6000,0,0,1007.75,0,11.60,11.60,11.60,,1017.59,9.3200
"2024-01-02 04:10:00",4.1500,8.11,78.6000,0,0,1007.70,0,11.70,11.70,11.70,,1017.54,9.4200
"2024-01-02 04:20:00",4.1500,8.17,78.4000,0,0,1007.75,0,11.80,11.80,11.80,,1017.58,9.4900
"2024-01-02 04:30:00",4.1500,8.09,78.0000,0,0,1007.80,0,11.80,11.80,11.80,,1017.63,9.4500
"2024-01-02 04:40:00",4.1500,7.94,78.2000,0,0,1007.90,0,11.60,11.70,11.50,,1017.74,9.2800
"2024-01-02 04:50:00",4.1500,8.16,79.4000,0,0,1007.95,0,11.60,11.60,11.60,,1017.79,9.4000
"2024-01-02 05:00:00",4.1500,7.99,79.0000,0,0,1008.05,0,11.50,11.60,11.40,,1017.90,9.2700
"2024-01-02 05:10:00",4.1500,7.83,79.2000,0,0,1008.10,0,11.30,11.30,11.30,,1017.95,9.1000
"2024-01-02 05:20:00",4.1500,8.12,79.2000,0,0,1008.30,0,11.60,11.60,11.50,,1018.14,9.3800
"2024-01-02 05:30:00",4.1500,8.17,80.0000,0,0,1008.45,0,11.50,11.60,11.30,,1018.30,9.3700
"2024-01-02 05:40:00",4.1500,8.25,80.4000,0,0,1008.55,0,11.50,11.60,11.50,,1018.40,9.4100
"2024-01-02 05:50:00",4.1500,8.33,79.8000,0,0,1008.55,0,11.70,11.90,11.50,,1018.39,9.5400
"2024-01-02 06:00:00",4.1500,8.28,79.0000,0,0,1008.60,0,11.80,11.80,11.80,,1018.44,9.5500
"2024-01-02 06:10:00",4.1500,8.53,78.8000,0,0,1008.65,0,12.10,12.40,11.80,,1018.48,9.8200
"2024-01-02 06:20:00",4.1500,8.39,76.0000,0,0,1008.75,0,12.50,12.60,12.30,,1018.56,9.9100
"2024-01-02 06:30:00",4.1500,8.45,75.8000,0,0,1008.85,0,12.60,12.70,12.30,,1018.66,9.9900
"2024-01-02 06:40:00",4.1500,8.47,80.0000,0,0,1008.75,0,11.80,12.10,11.50,,1018.59,9.6600
"2024-01-02 06:50:00",4.1500,8.44,82.0000,0,0,1008.85,0,11.40,11.50,11.30,,1018.71,9.4800
"2024-01-02 07:00:00",4.1500,8.63,82.0000,0,0,1009.05,0,11.60,11.70,11.50,,1018.90,9.6700
"2024-01-02 07:10:00",4.1500,8.61,82.4000,2,2,1009.05,0,11.50,11.50,11.50,,1018.91,9.6100
"2024-01-02 07:20:00",4.1500,8.54,82.0000,6,10,1009.05,0,11.50,11.50,11.40,,1018.91,9.5700
"2024-01-02 07:30:00",4.1500,8.30,81.2000,10,12,1009.00,0,11.40,11.50,11.30,,1018.86,9.3900
"2024-01-02 07:40:00",4.1500,8.36,81.0000,8,8,1009.05,0,11.50,11.60,11.40,,1018.91,9.4700
"2024-01-02 07:50:00",4.1500,8.59,81.2000,12,12,1009.35,0,11.70,11.70,11.60,,1019.20,9.6800
"2024-01-02 08:00:00",4.1500,8.32,80.8000,16,16,1009.45,0,11.50,11.60,11.50,,1019.31,9.4500
"2024-01-02 08:10:00",4.1500,8.25,80.4000,38,80,1009.60,0,11.50,11.70,11.40,,1019.46,9.4100
"2024-01-02 08:20:00",4.1500,8.35,79.4000,138,220,1009.75,0,11.80,12.20,11.70,,1019.60,9.6000
"2024-01-02 08:30:00",4.1500,8.79,77.6000,206,224,1009.95,0,12.60,12.70,12.30,,1019.77,10.1700
"2024-01-02 08:40:00",4.1500,8.58,77.0000,40,48,1010.05,0,12.50,12.70,12.40,,1019.88,10.0200
"2024-01-02 08:50:00",4.1500,8.68,78.0000,94,282,1010.25,0,12.40,12.40,12.40,,1020.08,10.0200
"2024-01-02 09:00:00",4.1500,9.10,78.2000,168,296,1010.25,0,12.80,13.00,12.40,,1020.07,10.4300
"2024-01-02 09:10:00",4.1500,9.55,77.0000,260,310,1010.30,0,13.50,13.90,13.10,,1020.09,10.9700
"2024-01-02 09:20:00",4.1500,9.35,75.0000,178,250,1010.40,0,13.70,13.90,13.60,,1020.18,10.9400
"2024-01-02 09:30:00",4.1500,9.43,75.4000,198,268,1010.45,0,13.70,13.70,13.60,,1020.24,10.9900
"2024-01-02 09:40:00",4.1500,9.30,75.2000,142,218,1010.45,0,13.60,13.70,13.40,,1020.24,10.8700
"2024-01-02 09:50:00",4.1500,8.93,75.8000,102,122,1010.30,0,13.10,13.30,13.00,,1020.11,10.4600
"2024-01-02 10:00:00",4.1500,9.14,76.4000,150,218,1010.20,0,13.20,13.30,13.00,,1020.00,10.6200
"2024-01-02 10:10:00",4.1500,9.28,76.6000,224,366,1010.05,0,13.30,13.40,13.10,,1019.85,10.7400
"2024-01-02 10:20:00",4.1500,9.22,76.8000,250,346,1010.00,0,13.20,13.30,13.10,,1019.80,10.6600
"2024-01-02 10:30:00",4.1500,9.45,77.0000,204,284,1009.95,0,13.40,13.50,13.20,,1019.74,10.8700
"2024-01-02 10:40:00",4.1500,9.39,78.2000,94,146,1009.90,0,13.10,13.30,13.00,,1019.70,10.7100
"2024-01-02 10:50:00",4.1500,9.20,78.2000,80,112,1009.80,0,12.90,13.10,12.90,,1019.61,10.5200
"2024-01-02 11:00:00",4.1500,9.68,79.2000,132,162,1009.75,0,13.20,13.30,13.10,,1019.55,10.9200
"2024-01-02 11:10:00",4.1500,9.75,79.6000,74,144,1009.60,0,13.20,13.40,13.00,,1019.40,10.9600
"2024-01-02 11:20:00",4.1500,9.48,79.2000,44,48,1009.50,0,13.00,13.10,12.90,,1019.30,10.7200
"2024-01-02 11:30:00",4.1500,9.39,79.2000,58,88,1009.45,0,12.90,13.00,12.80,,1019.26,10.6300
"2024-01-02 11:40:00",4.1500,9.43,78.4000,82,104,1009.30,0,13.10,13.20,13.00,,1019.10,10.7400
"2024-01-02 11:50:00",4.1500,9.47,77.6000,56,66,1009.25,0,13.30,13.40,13.30,,1019.04,10.8400
"2024-01-02 12:00:00",4.1500,9.34,77.4000,68,108,1009.15,0,13.20,13.30,13.20,,1018.94,10.7300
"2024-01-02 12:10:00",4.1500,9.22,76.8000,40,50,1009.00,0,13.20,13.30,13.20,,1018.79,10.6600
"2024-01-02 12:20:00",4.1500,9.18,76.6000,48,80,1008.80,0,13.20,13.30,13.10,,1018.59,10.6400
"2024-01-02 12:30:00",4.1500,9.28,76.6000,86,100,1008.60,0,13.30,13.40,13.10,,1018.38,10.7400
"2024-01-02 12:40:00",4.1500,9.38,76.6000,40,54,1008.50,0,13.40,13.40,13.40,,1018.28,10.8300
"2024-01-02 12:50:00",4.1500,9.53,77.4000,36,66,1008.55,0,13.40,13.50,13.40,,1018.33,10.9200
"2024-01-02 13:00:00",4.1500,9.68,79.2000,114,128,1008.40,0,13.20,13.20,13.10,,1018.18,10.9200
"2024-01-02 13:10:00",4.1500,9.64,79.0000,76,116,1008.00,0,13.20,13.20,13.20,,1017.78,10.8900
"2024-01-02 13:20:00",4.1500,9.49,78.2000,44,68,1007.95,0,13.20,13.30,13.20,,1017.73,10.8100
"2024-01-02 13:30:00",4.1500,9.68,79.2000,46,68,1007.80,0,13.20,13.30,13.10,,1017.58,10.9200
"2024-01-02 13:40:00",4.1500,9.77,80.2000,36,118,1007.85,0,13.10,13.10,13.10,,1017.63,10.9300
"2024-01-02 13:50:00",4.1500,10.17,82.4000,198,350,1007.90,0.2,13.10,13.10,13.10,,1017.68,11.1600
"2024-01-02 14:00:00",4.1500,10.48,83.0000,240,484,1007.90,0,13.30,13.40,13.20,,1017.68,11.4200
"2024-01-02 14:10:00",4.1500,9.94,80.6000,190,268,1007.60,0,13.20,13.40,13.10,,1017.38,11.0600
"2024-01-02 14:20:00",4.1500,9.45,77.0000,110,136,1007.55,0,13.40,13.40,13.40,,1017.32,10.8700
"2024-01-02 14:30:00",4.1500,9.24,75.4000,74,88,1007.55,0,13.50,13.50,13.40,,1017.31,10.8000
"2024-01-02 14:40:00",4.1500,9.61,76.8000,56,64,1007.50,0,13.60,13.60,13.60,,1017.26,11.0400
"2024-01-02 14:50:00",4.1500,9.84,78.0000,54,90,1007.45,0,13.60,13.60,13.60,,1017.21,11.1700
"2024-01-02 15:00:00",4.1500,9.74,78.0000,86,232,1007.50,0,13.50,13.50,13.40,,1017.26,11.0800
"2024-01-02 15:10:00",4.1500,9.34,75.4000,232,338,1007.40,0,13.60,13.70,13.40,,1017.16,10.8900
"2024-01-02 15:20:00",4.1500,9.59,76.2000,136,296,1007.55,0,13.70,13.70,13.70,,1017.31,11.0700
"2024-01-02 15:30:00",4.1500,9.53,76.4000,38,52,1007.50,0,13.60,13.70,13.50,,1017.26,11.0000
"2024-01-02 15:40:00",4.1500,9.49,76.2000,24,32,1007.45,0,13.60,13.60,13.60,,1017.21,10.9800
"2024-01-02 15:50:00",4.1500,9.49,76.2000,10,16,1007.45,0,13.60,13.60,13.60,,1017.21,10.9800
"2024-01-02 16:00:00",4.1500,9.28,75.6000,4,4,1007.50,0,13.50,13.60,13.30,,1017.26,10.8200
"2024-01-02 16:10:00",4.1500,8.80,73.2000,2,2,1007.55,0,13.50,13.60,13.40,,1017.31,10.5600
"2024-01-02 16:20:00",4.1500,8.88,73.6000,0,0,1007.60,0,13.50,13.50,13.40,,1017.37,10.6100
"2024-01-02 16:30:00",4.1500,9.00,74.2000,0,0,1007.60,0,13.50,13.50,13.50,,1017.37,10.6700
"2024-01-02 16:40:00",4.1500,9.10,74.2000,0,0,1007.80,0,13.60,13.60,13.60,,1017.56,10.7600
"2024-01-02 16:50:00",4.1500,9.10,74.2000,0,0,1007.90,0,13.60,13.60,13.60,,1017.66,10.7600
"2024-01-02 17:00:00",4.1500,9.10,74.2000,0,0,1007.80,0,13.60,13.60,13.60,,1017.56,10.7600
"2024-01-02 17:10:00",4.1500,9.14,74.4000,0,0,1007.95,0,13.60,13.60,13.50,,1017.71,10.7900
"2024-01-02 17:20:00",4.1500,9.06,74.0000,0,0,1007.95,0,13.60,13.60,13.60,,1017.71,10.7400
"2024-01-02 17:30:00",4.1500,9.23,74.4000,0,0,1007.85,0,13.70,13.70,13.70,,1017.61,10.8800
"2024-01-02 17:40:00",4.1500,9.49,75.2000,0,0,1007.85,0,13.80,13.80,13.80,,1017.61,11.0600
"2024-01-02 17:50:00",4.1500,9.73,76.4000,0,0,1007.55,0,13.80,13.90,13.80,,1017.30,11.1900
"2024-01-02 18:00:00",4.1500,10.17,78.2000,0,0,1007.15,0,13.90,13.90,13.80,,1016.90,11.4800
"2024-01-02 18:10:00",4.1500,10.11,78.4000,0,0,1007.05,0,13.80,13.80,13.70,,1016.80,11.4000
"2024-01-02 18:20:00",4.1500,10.05,77.6000,0,0,1007.30,0,13.90,13.90,13.90,,1017.05,11.4100
"2024-01-02 18:30:00",4.1500,10.02,77.4000,0,0,1007.40,0,13.90,14.00,13.90,,1017.15,11.3900
"2024-01-02 18:40:00",4.1500,9.98,77.2000,0,0,1007.45,0,13.90,13.90,13.90,,1017.20,11.3700
"2024-01-02 18:50:00",4.1500,10.19,77.8000,0,0,1007.60,0,14.00,14.00,13.90,,1017.35,11.5300
"2024-01-02 19:00:00",4.1500,9.94,77.0000,0,0,1007.50,0,13.90,13.90,13.90,,1017.25,11.3500
"2024-01-02 19:10:00",4.1500,9.82,76.4000,0,0,1007.50,0,13.90,13.90,13.90,,1017.25,11.2800
"2024-01-02 19:20:00",4.1500,9.92,76.4000,0,0,1007.50,0,14.00,14.10,14.00,,1017.25,11.3800
"2024-01-02 19:30:00",4.1500,10.07,77.2000,0,0,1007.45,0,14.00,14.00,13.90,,1017.19,11.4700
"2024-01-02 19:40:00",4.1500,10.07,77.2000,0,0,1007.25,0,14.00,14.00,13.90,,1016.99,11.4700
"2024-01-02 19:50:00",4.1500,10.23,78.0000,0,0,1007.05,0,14.00,14.00,14.00,,1016.79,11.5500
"2024-01-02 20:00:00",4.1500,10.52,79.0000,0,0,1007.00,0,14.10,14.10,14.10,,1016.74,11.7600
"2024-01-02 20:10:00",4.1500,10.70,80.0000,0,0,1006.80,0,14.10,14.10,14.10,,1016.53,11.8600
"2024-01-02 20:20:00",4.1500,10.89,81.0000,0,0,1006.70,0,14.10,14.10,14.10,,1016.43,11.9700
"2024-01-02 20:30:00",4.1500,11.08,82.0000,0,0,1006.60,0,14.10,14.10,14.10,,1016.33,12.0800
"2024-01-02 20:40:00",4.1500,11.09,82.6000,0,0,1006.60,0,14.00,14.00,13.90,,1016.34,12.0500
"2024-01-02 20:50:00",4.1500,11.26,83.0000,0,0,1006.75,0,14.10,14.20,14.00,,1016.48,12.1900
"2024-01-02 21:00:00",4.1500,11.06,83.0000,0,0,1006.50,0,13.90,14.00,13.70,,1016.24,12.0000
"2024-01-02 21:10:00",4.1500,11.04,83.4000,0,0,1006.40,0,13.80,14.00,13.60,,1016.14,11.9400
"2024-01-02 21:20:00",4.1500,11.31,83.8000,0,0,1006.50,0,14.00,14.00,14.00,,1016.24,12.1800
"2024-01-02 21:30:00",4.1500,11.26,83.0000,0,0,1006.60,0,14.10,14.10,14.10,,1016.33,12.1900
"2024-01-02 21:40:00",4.1500,11.28,82.6000,0,0,1006.35,0,14.20,14.20,14.10,,1016.08,12.2400
"2024-01-02 21:50:00",4.1500,11.39,83.2000,0,0,1006.25,0,14.20,14.20,14.20,,1015.98,12.3100
"2024-01-02 22:00:00",4.1500,11.56,83.6000,0,0,1006.15,0,14.30,14.30,14.30,,1015.87,12.4500
"2024-01-02 22:10:00",4.1500,11.64,84.0000,0,0,1006.50,0,14.30,14.30,14.30,,1016.22,12.4900
"2024-01-02 22:20:00",4.1500,11.81,84.4000,0,0,1006.30,0,14.40,14.40,14.40,,1016.02,12.6400
"2024-01-02 22:30:00",4.1500,11.88,84.8000,0,0,1006.25,0,14.40,14.40,14.40,,1015.97,12.6800
"2024-01-02 22:40:00",4.1500,11.95,85.2000,0,0,1006.05,0,14.40,14.40,14.40,,1015.77,12.7200
"2024-01-02 22:50:00",4.1500,12.02,85.6000,0,0,1006.10,0,14.40,14.40,14.40,,1015.82,12.7700
"2024-01-02 23:00:00",4.1500,12.19,86.0000,0,0,1006.10,0,14.50,14.50,14.50,,1015.81,12.9100
"2024-01-02 23:10:00",4.1500,12.26,86.4000,0,0,1005.95,0,14.50,14.50,14.50,,1015.66,12.9500
"2024-01-02 23:20:00",4.1500,12.36,87.0000,0,0,1005.80,0,14.50,14.50,14.50,,1015.51,13.0200
"2024-01-02 23:30:00",4.1500,12.40,87.2000,0,0,1005.65,0,14.50,14.50,14.50,,1015.36,13.0400
"2024-01-02 23:40:00",4.1500,12.40,87.2000,0,0,1005.45,0,14.50,14.50,14.40,,1015.16,13.0400
"2024-01-02 23:50:00",4.1500,12.47,87.6000,0,0,1005.25,0,14.50,14.50,14.50,,1014.95,13.0900
"2024-01-03 00:00:00",4.1500,12.47,87.6000,0,0,1005.15,0,14.50,14.50,14.50,,1014.85,13.0900
"2024-01-03 00:10:00",4.1500,12.47,87.6000,0,0,1005.00,0,14.50,14.50,14.50,,1014.70,13.0900
"2024-01-03 00:20:00",4.1500,12.57,87.6000,0,0,1004.90,0,14.60,14.60,14.60,,1014.60,13.1800
"2024-01-03 00:30:00",4.1500,12.64,88.0000,0,0,1005.00,0,14.60,14.60,14.60,,1014.70,13.2300
"2024-01-03 00:40:00",4.1500,12.54,88.0000,0,0,1004.95,0,14.50,14.50,14.50,,1014.65,13.1300
"2024-01-03 00:50:00",4.1500,12.50,87.8000,0,0,1004.80,0,14.50,14.50,14.50,,1014.50,13.1100
"2024-01-03 01:00:00",4.1500,12.43,87.4000,0,0,1004.70,0,14.50,14.50,14.40,,1014.40,13.0600
"2024-01-03 01:10:00",4.1500,12.50,87.2000,0,0,1004.55,0,14.60,14.60,14.50,,1014.24,13.1400
"2024-01-03 01:20:00",4.1500,12.50,87.2000,0,0,1004.65,0,14.60,14.60,14.60,,1014.34,13.1400
"2024-01-03 01:30:00",4.1500,12.46,87.0000,0,0,1004.45,0,14.60,14.60,14.60,,1014.14,13.1200
"2024-01-03 01:40:00",4.1500,12.39,86.6000,0,0,1004.35,0,14.60,14.60,14.60,,1014.04,13.0700
"2024-01-03 01:50:00",4.1500,12.59,86.6000,0,0,1004.50,0,14.80,14.80,14.70,,1014.19,13.2700
"2024-01-03 02:00:00",4.1500,12.60,87.2000,0,0,1004.45,0,14.70,14.80,14.70,,1014.14,13.2400
"2024-01-03 02:10:00",4.1500,12.70,87.8000,0,0,1004.30,0,14.70,14.70,14.70,,1013.99,13.3000
"2024-01-03 02:20:00",4.1500,12.67,88.2000,0,0,1004.25,0,14.60,14.60,14.60,,1013.94,13.2500
"2024-01-03 02:30:00",4.1500,12.74,88.6000,0,0,1004.10,0,14.60,14.60,14.60,,1013.79,13.3000
"2024-01-03 02:40:00",4.1500,12.81,89.0000,0,0,1003.70,0,14.60,14.60,14.60,,1013.39,13.3400
"2024-01-03 02:50:00",4.1500,12.84,89.2000,0,0,1003.50,0,14.60,14.60,14.60,,1013.18,13.3600
"2024-01-03 03:00:00",4.1500,12.88,89.4000,0,0,1003.30,0,14.60,14.60,14.60,,1012.98,13.3800
"2024-01-03 03:10:00",4.1500,12.81,89.6000,0,0,1003.35,0,14.50,14.50,14.50,,1013.04,13.3100
"2024-01-03 03:20:00",4.1500,12.78,89.4000,0,0,1003.35,0,14.50,14.50,14.50,,1013.04,13.2900
"2024-01-03 03:30:00",4.1500,12.71,89.0000,0,0,1003.30,0,14.50,14.50,14.50,,1012.99,13.2400
"2024-01-03 03:40:00",4.1500,12.64,88.6000,0,0,1003.10,0,14.50,14.60,14.50,,1012.78,13.2000
"2024-01-03 03:50:00",4.1500,12.64,88.0000,0,0,1002.85,0,14.60,14.60,14.60,,1012.53,13.2300
"2024-01-03 04:00:00",4.1500,12.64,88.0000,0,0,1002.95,0,14.60,14.60,14.60,,1012.63,13.2300
"2024-01-03 04:10:00",4.1500,12.67,88.2000,0,0,1002.80,0,14.60,14.60,14.60,,1012.48,13.2500
"2024-01-03 04:20:00",4.1500,12.67,88.2000,0,0,1002.65,0,14.60,14.60,14.60,,1012.33,13.2500
"2024-01-03 04:30:00",4.1500,12.67,88.2000,0,0,1002.45,0,14.60,14.60,14.60,,1012.12,13.2500
"2024-01-03 04:40:00",4.1500,12.71,88.4000,0,0,1002.55,0,14.60,14.60,14.60,,1012.22,13.2700
"2024-01-03 04:50:00",4.1500,12.57,88.2000,0,0,1002.80,0,14.50,14.50,14.50,,1012.48,13.1500
"2024-01-03 05:00:00",4.1500,12.64,88.0000,0,0,1002.85,0,14.60,14.70,14.50,,1012.53,13.2300
"2024-01-03 05:10:00",4.1500,12.50,87.8000,0,0,1002.60,0,14.50,14.60,14.50,,1012.28,13.1100
"2024-01-03 05:20:00",4.1500,12.57,87.6000,0,0,1002.80,0,14.60,14.70,14.60,,1012.48,13.1800
"2024-01-03 05:30:00",4.1500,12.57,87.6000,0,0,1002.75,0,14.60,14.60,14.60,,1012.43,13.1800
"2024-01-03 05:40:00",4.1500,12.60,87.8000,0,0,1002.75,0,14.60,14.60,14.60,,1012.43,13.2100
"2024-01-03 05:50:00",4.1500,12.71,88.4000,0,0,1002.85,0,14.60,14.70,14.50,,1012.53,13.2700
"2024-01-03 06:00:00",4.1500,12.38,88.2000,0,0,1002.90,0,14.30,14.40,14.20,,1012.59,12.9600
"2024-01-03 06:10:00",4.1500,12.47,88.2000,0,0,1002.95,0,14.40,14.50,14.20,,1012.64,13.0500
"2024-01-03 06:20:00",4.1500,12.51,88.4000,0,0,1003.05,0,14.40,14.50,14.30,,1012.74,13.0800
"2024-01-03 06:30:00",4.1500,11.84,86.8000,0,0,1003.25,0,14.00,14.40,13.80,,1012.95,12.5100
"2024-01-03 06:40:00",4.1500,11.61,84.4000,0,0,1003.40,0,14.20,14.30,14.10,,1013.10,12.4400
"2024-01-03 06:50:00",4.1500,11.09,82.6000,0,0,1003.55,0,14.00,14.10,13.90,,1013.26,12.0500
"2024-01-03 07:00:00",4.1500,11.23,81.8000,0,0,1003.65,0,14.30,14.40,14.20,,1013.35,12.2500
"2024-01-03 07:10:00",4.1500,11.25,82.4000,2,4,1003.55,0,14.20,14.30,14.10,,1013.25,12.2200
"2024-01-03 07:20:00",4.1500,11.22,82.8000,8,10,1003.65,0,14.10,14.10,14.10,,1013.35,12.1700
"2024-01-03 07:30:00",4.1500,11.33,83.4000,12,12,1003.80,0,14.10,14.20,14.10,,1013.51,12.2400
"2024-01-03 07:40:00",4.1500,11.34,84.0000,16,18,1004.00,0,14.00,14.00,14.00,,1013.71,12.2000
"2024-01-03 07:50:00",4.1500,11.41,84.4000,24,28,1003.90,0,14.00,14.00,14.00,,1013.61,12.2500
"2024-01-03 08:00:00",4.1500,11.41,84.4000,38,54,1003.75,0,14.00,14.00,14.00,,1013.46,12.2500
"2024-01-03 08:10:00",4.1500,11.34,84.0000,70,78,1003.65,0,14.00,14.10,14.00,,1013.36,12.2000
"2024-01-03 08:20:00",4.1500,11.30,83.2000,82,94,1003.90,0,14.10,14.20,14.00,,1013.61,12.2100
"2024-01-03 08:30:00",4.1500,11.36,83.0000,130,162,1004.10,0,14.20,14.20,14.20,,1013.80,12.2900
"2024-01-03 08:40:00",4.1500,11.37,82.0000,190,204,1004.15,0,14.40,14.50,14.40,,1013.85,12.3700
"2024-01-03 08:50:00",4.1500,11.38,81.0000,198,214,1004.30,0,14.60,14.90,14.50,,1013.99,12.4500
"2024-01-03 09:00:00",4.1500,11.42,80.2000,214,224,1004.50,0,14.80,14.90,14.70,,1014.19,12.5600
"2024-01-03 09:10:00",4.1500,11.14,79.2000,226,238,1004.55,0,14.70,14.90,14.60,,1014.24,12.3500
"2024-01-03 09:20:00",4.1500,11.33,78.2000,254,276,1004.60,0,15.10,15.40,14.80,,1014.28,12.6200
"2024-01-03 09:30:00",4.1500,11.23,76.2000,280,292,1004.80,0,15.40,15.50,15.40,,1014.47,12.6900
"2024-01-03 09:40:00",4.1500,11.42,75.2000,300,316,1004.90,0,15.80,16.00,15.60,,1014.55,12.9500
"2024-01-03 09:50:00",4.1500,11.66,74.0000,328,338,1004.95,0,16.30,16.40,16.10,,1014.58,13.2900
"2024-01-03 10:00:00",4.1500,11.35,73.4000,344,356,1004.75,0,16.10,16.30,15.90,,1014.39,13.0300
"2024-01-03 10:10:00",4.1500,11.47,74.0000,368,380,1004.95,0,16.10,16.20,16.00,,1014.59,13.1000
"2024-01-03 10:20:00",4.1500,11.58,73.6000,396,410,1004.85,0,16.30,16.40,16.20,,1014.48,13.2500
"2024-01-03 10:30:00",4.1500,11.65,73.0000,420,432,1004.90,0,16.50,16.50,16.40,,1014.52,13.3600
"2024-01-03 10:40:00",4.1500,11.79,73.2000,446,454,1004.70,0,16.60,16.60,16.60,,1014.32,13.4800
"2024-01-03 10:50:00",4.1500,11.70,72.8000,464,472,1004.45,0,16.60,16.60,16.60,,1014.07,13.4400
"2024-01-03 11:00:00",4.1500,11.76,72.6000,482,486,1004.50,0,16.70,16.80,16.60,,1014.11,13.5100
"2024-01-03 11:10:00",4.1500,11.77,72.2000,476,480,1004.50,0,16.80,17.00,16.70,,1014.11,13.5500
"2024-01-03 11:20:00",4.1500,11.61,72.8000,458,462,1004.35,0,16.50,16.70,16.40,,1013.97,13.3400
"2024-01-03 11:30:00",4.1500,11.65,73.0000,286,458,1004.20,0,16.50,16.60,16.40,,1013.82,13.3600
"2024-01-03 11:40:00",4.1500,11.69,73.2000,120,122,1004.15,0,16.50,16.60,16.40,,1013.77,13.3900
"2024-01-03 11:50:00",4.1500,11.61,72.8000,128,140,1004.15,0,16.50,16.60,16.30,,1013.77,13.3400
"2024-01-03 12:00:00",4.1500,11.62,73.8000,140,150,1003.90,0,16.30,16.40,16.00,,1013.52,13.2700
"2024-01-03 12:10:00",4.1500,11.35,75.8000,154,166,1003.60,0,15.60,15.90,15.50,,1013.25,12.8300
"2024-01-03 12:20:00",4.1500,11.59,77.0000,194,232,1003.70,0,15.60,15.70,15.50,,1013.35,12.9700
"2024-01-03 12:30:00",4.1500,11.66,77.4000,244,272,1003.50,0,15.60,15.70,15.50,,1013.15,13.0100
"2024-01-03 12:40:00",4.1500,11.68,78.0000,286,542,1003.40,0,15.50,15.60,15.40,,1013.05,12.9800
"2024-01-03 12:50:00",4.1500,11.86,78.4000,722,830,1003.35,0,15.60,15.70,15.60,,1012.99,13.1200
"2024-01-03 13:00:00",4.1500,11.94,78.8000,752,808,1003.35,0,15.60,15.70,15.60,,1012.99,13.1700
"2024-01-03 13:10:00",4.1500,11.96,78.4000,676,890,1003.65,0,15.70,15.80,15.60,,1013.29,13.2200
"2024-01-03 13:20:00",4.1500,11.68,78.0000,772,950,1003.80,0,15.50,15.60,15.40,,1013.45,12.9800
"2024-01-03 13:30:00",4.1500,11.74,77.8000,518,934,1003.55,0,15.60,15.60,15.50,,1013.20,13.0600
"2024-01-03 13:40:00",4.1500,11.72,78.2000,630,948,1003.30,0,15.50,15.60,15.40,,1012.95,13.0100
"2024-01-03 13:50:00",4.1500,11.65,77.8000,342,898,1003.45,0,15.50,15.60,15.40,,1013.10,12.9600
"2024-01-03 14:00:00",4.1500,11.57,78.4000,156,360,1003.25,0,15.30,15.30,15.20,,1012.90,12.8400
"2024-01-03 14:10:00",4.1500,11.72,79.2000,104,154,1003.25,0,15.30,15.30,15.20,,1012.90,12.9300
"2024-01-03 14:20:00",4.1500,11.74,79.8000,106,114,1003.30,0,15.20,15.20,15.20,,1012.96,12.9000
"2024-01-03 14:30:00",4.1500,11.91,80.2000,212,756,1003.45,0,15.30,15.30,15.30,,1013.11,13.0400
"2024-01-03 14:40:00",4.1500,11.85,80.4000,220,586,1003.55,0,15.20,15.20,15.20,,1013.21,12.9700
"2024-01-03 14:50:00",4.1500,12.04,81.4000,328,664,1003.45,0,15.20,15.20,15.20,,1013.11,13.0800
"2024-01-03 15:00:00",4.1500,12.21,81.8000,630,698,1003.25,0,15.30,15.40,15.30,,1012.90,13.2200
"2024-01-03 15:10:00",4.1500,12.02,81.8000,540,614,1003.05,0,15.10,15.20,14.90,,1012.71,13.0300
"2024-01-03 15:20:00",4.1500,11.97,82.6000,192,550,1002.85,0,14.90,14.90,14.80,,1012.52,12.9200
"2024-01-03 15:30:00",4.1500,12.05,83.6000,66,116,1002.95,0,14.80,14.80,14.70,,1012.62,12.9400
"2024-01-03 15:40:00",4.1500,12.00,84.4000,36,52,1002.85,0,14.60,14.60,14.50,,1012.53,12.8300
"2024-01-03 15:50:00",4.1500,11.94,84.6000,20,34,1002.60,0,14.50,14.60,14.50,,1012.28,12.7500
"2024-01-03 16:00:00",4.1500,11.88,84.8000,12,14,1002.70,0,14.40,14.40,14.40,,1012.38,12.6800
"2024-01-03 16:10:00",4.1500,11.91,85.0000,4,6,1002.60,0,14.40,14.40,14.40,,1012.28,12.7000
"2024-01-03 16:20:00",4.1500,11.92,85.6000,2,2,1002.60,0,14.30,14.30,14.30,,1012.29,12.6700
"2024-01-03 16:30:00",4.1500,11.93,86.2000,0,0,1002.55,0,14.20,14.20,14.10,,1012.24,12.6400
"2024-01-03 16:40:00",4.1500,11.90,86.6000,0,0,1002.55,0,14.10,14.10,14.00,,1012.24,12.5800
"2024-01-03 16:50:00",4.1500,11.77,86.4000,0,0,1002.65,0,14.00,14.10,13.90,,1012.35,12.4700
"2024-01-03 17:00:00",4.1500,11.70,86.0000,0,0,1002.90,0,14.00,14.00,14.00,,1012.60,12.4200
"2024-01-03 17:10:00",4.1500,11.86,85.8000,0,0,1003.10,0,14.20,14.20,14.10,,1012.79,12.5900
"2024-01-03 17:20:00",4.1500,11.76,85.8000,0,0,1003.40,0,14.10,14.10,14.10,,1013.10,12.5000
"2024-01-03 17:30:00",4.1500,11.42,85.0000,0,0,1003.40,0,13.90,14.00,13.90,,1013.11,12.2200
"2024-01-03 17:40:00",4.1500,11.91,85.0000,0,0,1003.25,0,14.40,14.50,14.10,,1012.94,12.7000
"2024-01-03 17:50:00",4.1500,12.03,86.2000,0,0,1003.50,0,14.30,14.40,14.20,,1013.19,12.7400
"2024-01-03 18:00:00",4.1500,12.03,86.8000,0,0,1003.70,0,14.20,14.30,14.10,,1013.40,12.7000
"2024-01-03 18:10:00",4.1500,12.03,86.8000,0,0,1003.70,0,14.20,14.20,14.20,,1013.40,12.7000
"2024-01-03 18:20:00",4.1500,12.17,87.0000,0,0,1003.45,0,14.30,14.30,14.30,,1013.14,12.8200
"2024-01-03 18:30:00",4.1500,12.27,87.6000,0,0,1003.50,0,14.30,14.30,14.30,,1013.19,12.8900
"2024-01-03 18:40:00",4.1500,12.38,88.2000,0,0,1003.75,0,14.30,14.30,14.30,,1013.45,12.9600
"2024-01-03 18:50:00",4.1500,12.24,88.0000,0,0,1003.90,0,14.20,14.30,14.20,,1013.60,12.8400
"2024-01-03 19:00:00",4.1500,12.07,87.6000,0,0,1003.65,0,14.10,14.10,14.10,,1013.35,12.6900
"2024-01-03 19:10:00",4.1500,12.04,87.4000,0,0,1003.70,0,14.10,14.20,14.10,,1013.40,12.6700
"2024-01-03 19:20:00",4.1500,12.14,87.4000,0,0,1003.80,0,14.20,14.20,14.20,,1013.50,12.7700
"2024-01-03 19:30:00",4.1500,12.10,87.2000,0,0,1003.95,0,14.20,14.20,14.20,,1013.65,12.7500
"2024-01-03 19:40:00",4.1500,12.07,87.0000,0,0,1004.00,0,14.20,14.30,14.20,,1013.70,12.7300
"2024-01-03 19:50:00",4.1500,12.07,87.0000,0,0,1004.15,0,14.20,14.20,14.20,,1013.85,12.7300
"2024-01-03 20:00:00",4.1500,11.94,86.8000,0,0,1004.30,0,14.10,14.20,14.00,,1014.01,12.6100
"2024-01-03 20:10:00",4.1500,11.84,87.4000,0,0,1004.20,0,13.90,13.90,13.80,,1013.92,12.4800
"2024-01-03 20:20:00",4.1500,11.75,88.6000,0,0,1004.10,0,13.60,13.70,13.60,,1013.83,12.3100
"2024-01-03 20:30:00",4.1500,11.89,89.4000,0,0,1004.25,0,13.60,13.60,13.60,,1013.98,12.4000
"2024-01-03 20:40:00",4.1500,11.86,89.8000,0,0,1004.30,0,13.50,13.60,13.40,,1014.03,12.3500
"2024-01-03 20:50:00",4.1500,11.79,90.0000,0,0,1004.35,0,13.40,13.40,13.40,,1014.09,12.2700
"2024-01-03 21:00:00",4.1500,11.86,89.8000,0,0,1004.20,0,13.50,13.50,13.50,,1013.93,12.3500
"2024-01-03 21:10:00",4.1500,11.83,89.6000,0,0,1004.05,0,13.50,13.50,13.50,,1013.78,12.3200
"2024-01-03 21:20:00",4.1500,11.59,89.4000,0,0,1004.00,0,13.30,13.30,13.30,,1013.74,12.1100
"2024-01-03 21:30:00",4.1500,11.53,89.0000,0,0,1004.05,0,13.30,13.30,13.30,,1013.79,12.0600
"2024-01-03 21:40:00",4.1500,11.36,88.6000,0,0,1004.15,0,13.20,13.20,13.10,,1013.89,11.9200
"2024-01-03 21:50:00",4.1500,11.33,88.4000,0,0,1004.15,0,13.20,13.20,13.20,,1013.89,11.9000
"2024-01-03 22:00:00",4.1500,11.29,88.2000,0,0,1004.15,0,13.20,13.20,13.20,,1013.89,11.8800
"2024-01-03 22:10:00",4.1500,11.32,87.8000,0,0,1004.25,0,13.30,13.30,13.30,,1013.99,11.9300
"2024-01-03 22:20:00",4.1500,11.25,87.4000,0,0,1004.35,0,13.30,13.30,13.30,,1014.09,11.8900
"2024-01-03 22:30:00",4.1500,11.11,86.6000,0,0,1004.50,0,13.30,13.30,13.30,,1014.24,11.8000
"2024-01-03 22:40:00",4.1500,11.14,86.2000,0,0,1004.45,0,13.40,13.40,13.40,,1014.19,11.8600
"2024-01-03 22:50:00",4.1500,11.21,86.0000,0,0,1004.40,0,13.50,13.50,13.50,,1014.13,11.9300
"2024-01-03 23:00:00",4.1500,11.11,86.0000,0,0,1004.45,0,13.40,13.40,13.40,,1014.19,11.8400
"2024-01-03 23:10:00",4.1500,11.07,85.8000,0,0,1004.40,0,13.40,13.40,13.40,,1014.14,11.8100
"2024-01-03 23:20:00",4.1500,11.27,85.8000,0,0,1004.30,0,13.60,13.70,13.40,,1014.03,12.0100
"2024-01-03 23:30:00",4.1500,11.41,86.6000,0,0,1004.30,0,13.60,13.60,13.60,,1014.03,12.1000
"2024-01-03 23:40:00",4.1500,11.25,87.4000,0,0,1004.25,0,13.30,13.50,13.10,,1013.99,11.8900
"2024-01-03 23:50:00",4.1500,11.03,87.8000,0,0,1004.25,0,13.00,13.10,12.90,,1014.00,11.6400
"2024-01-04 00:00:00",4.1500,10.99,87.6000,0,0,1004.25,0,13.00,13.20,12.80,,1014.00,11.6200
"2024-01-04 00:10:00",4.1500,10.72,86.6000,0,0,1004.15,0,12.90,13.00,12.70,,1013.90,11.4100
"2024-01-04 00:20:00",4.1500,10.68,85.8000,0,0,1004.15,0,13.00,13.00,13.00,,1013.90,11.4200
"2024-01-04 00:30:00",4.1500,10.55,85.6000,0,0,1004.30,0,12.90,12.90,12.90,,1014.06,11.3100
"2024-01-04 00:40:00",4.1500,10.71,85.4000,0,0,1004.25,0,13.10,13.10,13.10,,1014.00,11.4800
"2024-01-04 00:50:00",4.1500,10.54,85.0000,0,0,1004.25,0,13.00,13.00,12.90,,1014.00,11.3400
"2024-01-04 01:00:00",4.1500,10.44,85.0000,0,0,1004.30,0,12.90,12.90,12.90,,1014.06,11.2400
"2024-01-04 01:10:00",4.1500,10.51,85.4000,0,0,1004.35,0,12.90,12.90,12.90,,1014.11,11.2800
"2024-01-04 01:20:00",4.1500,10.68,85.8000,0,0,1004.40,0,13.00,13.00,13.00,,1014.15,11.4200
"2024-01-04 01:30:00",4.1500,10.58,85.8000,0,0,1004.40,0,12.90,13.00,12.80,,1014.16,11.3300
"2024-01-04 01:40:00",4.1500,10.58,85.8000,0,0,1004.35,0,12.90,12.90,12.80,,1014.11,11.3300
"2024-01-04 01:50:00",4.1500,10.65,85.6000,0,0,1004.40,0,13.00,13.10,13.00,,1014.15,11.4000
"2024-01-04 02:00:00",4.1500,10.78,83.6000,0,0,1004.35,0,13.50,13.70,13.20,,1014.08,11.6800
"2024-01-04 02:10:00",4.1500,10.59,80.4000,0,0,1004.40,0,13.90,14.00,13.80,,1014.12,11.7200
"2024-01-04 02:20:00",4.1500,10.38,78.8000,0,0,1004.45,0,14.00,14.00,14.00,,1014.17,11.6400
"2024-01-04 02:30:00",4.1500,10.36,78.2000,0,0,1004.40,0,14.10,14.20,14.10,,1014.11,11.6700
"2024-01-04 02:40:00",4.1500,10.42,78.0000,0,0,1004.45,0,14.20,14.20,14.20,,1014.16,11.7400
"2024-01-04 02:50:00",4.1500,10.46,78.2000,0,0,1004.45,0,14.20,14.20,14.20,,1014.16,11.7700
"2024-01-04 03:00:00",4.1500,10.55,79.2000,0,0,1004.45,0,14.10,14.10,14.10,,1014.16,11.7800
"2024-01-04 03:10:00",4.1500,10.82,80.6000,0,0,1004.45,0,14.10,14.10,14.10,,1014.16,11.9300
"2024-01-04 03:20:00",4.1500,10.84,81.8000,0,0,1004.40,0,13.90,14.00,13.80,,1014.12,11.8700
"2024-01-04 03:30:00",4.1500,10.80,82.6000,0,0,1004.35,0,13.70,13.70,13.70,,1014.08,11.7600
"2024-01-04 03:40:00",4.1500,10.90,83.2000,0,0,1004.30,0,13.70,13.70,13.70,,1014.03,11.8300
"2024-01-04 03:50:00",4.1500,11.07,83.6000,0,0,1004.30,0,13.80,13.90,13.70,,1014.02,11.9700
"2024-01-04 04:00:00",4.1500,10.70,82.6000,0,0,1004.30,0,13.60,13.70,13.60,,1014.03,11.6600
"2024-01-04 04:10:00",4.1500,10.54,81.2000,0,0,1004.35,0,13.70,13.70,13.70,,1014.08,11.6100
"2024-01-04 04:20:00",4.1500,10.49,80.4000,0,0,1004.35,0,13.80,13.90,13.80,,1014.07,11.6200
"2024-01-04 04:30:00",4.1500,10.34,79.6000,0,0,1004.40,0,13.80,13.80,13.80,,1014.12,11.5300
"2024-01-04 04:40:00",4.1500,10.19,78.8000,0,0,1004.40,0,13.80,13.90,13.80,,1014.12,11.4500
"2024-01-04 04:50:00",4.1500,10.25,78.6000,0,0,1004.50,0,13.90,13.90,13.90,,1014.22,11.5200
"2024-01-04 05:00:00",4.1500,10.19,78.8000,0,0,1004.55,0,13.80,13.90,13.80,,1014.27,11.4500
"2024-01-04 05:10:00",4.1500,10.25,78.6000,0,0,1004.65,0,13.90,13.90,13.90,,1014.37,11.5200
"2024-01-04 05:20:00",4.1500,10.11,78.4000,0,0,1004.80,0,13.80,13.90,13.80,,1014.53,11.4000
"2024-01-04 05:30:00",4.1500,10.38,79.8000,0,0,1004.75,0,13.80,14.00,13.70,,1014.48,11.5600
"2024-01-04 05:40:00",4.1500,10.37,80.8000,0,0,1004.60,0,13.60,13.60,13.50,,1014.33,11.4700
"2024-01-04 05:50:00",4.1500,10.36,81.8000,0,0,1004.75,0,13.40,13.40,13.30,,1014.49,11.3900
"2024-01-04 06:00:00",4.1500,10.01,81.0000,0,0,1004.70,0,13.20,13.20,13.20,,1014.45,11.1100
"2024-01-04 06:10:00",4.1500,9.80,78.8000,0,0,1004.80,0,13.40,13.50,13.30,,1014.54,11.0600
"2024-01-04 06:20:00",4.1500,9.76,77.6000,0,0,1004.90,0,13.60,13.60,13.60,,1014.64,11.1300
"2024-01-04 06:30:00",4.1500,9.82,77.4000,0,0,1005.05,0,13.70,13.70,13.70,,1014.78,11.2000
"2024-01-04 06:40:00",4.1500,9.94,78.0000,0,0,1005.20,0,13.70,13.80,13.60,,1014.93,11.2700
"2024-01-04 06:50:00",4.1500,10.07,79.2000,0,0,1005.15,0,13.60,13.70,13.60,,1014.89,11.3000
"2024-01-04 07:00:00",4.1500,10.20,80.4000,2,2,1005.25,0,13.50,13.60,13.40,,1014.99,11.3300
"2024-01-04 07:10:00",4.1500,10.23,80.6000,6,8,1005.30,0,13.50,13.60,13.40,,1015.04,11.3500
"2024-01-04 07:20:00",4.1500,9.91,79.4000,12,12,1005.25,0,13.40,13.50,13.40,,1015.00,11.1300
"2024-01-04 07:30:00",4.1500,9.78,78.2000,14,16,1005.30,0,13.50,13.60,13.50,,1015.04,11.1000
"2024-01-04 07:40:00",4.1500,9.49,77.2000,22,26,1005.40,0,13.40,13.50,13.30,,1015.15,10.8900
"2024-01-04 07:50:00",4.1500,9.57,76.6000,34,40,1005.40,0,13.60,13.70,13.50,,1015.14,11.0200
"2024-01-04 08:00:00",4.1500,9.55,76.0000,62,120,1005.35,0,13.70,13.70,13.60,,1015.09,11.0500
"2024-01-04 08:10:00",4.1500,9.69,76.2000,158,180,1005.35,0,13.80,13.80,13.70,,1015.08,11.1700
"2024-01-04 08:20:00",4.1500,9.80,74.8000,180,186,1005.30,0,14.20,14.40,14.00,,1015.02,11.4000
"2024-01-04 08:30:00",4.1500,9.80,73.4000,198,210,1005.30,0,14.50,14.60,14.50,,1015.00,11.5300
"2024-01-04 08:40:00",4.1500,9.97,74.2000,212,222,1005.20,0,14.50,14.50,14.50,,1014.90,11.6100
"2024-01-04 08:50:00",4.1500,10.13,75.0000,224,226,1005.25,0,14.50,14.50,14.50,,1014.95,11.7000
"2024-01-04 09:00:00",4.1500,10.30,75.4000,232,240,1005.35,0,14.60,14.70,14.50,,1015.05,11.8400
"2024-01-04 09:10:00",4.1500,10.26,75.2000,242,246,1005.35,0,14.60,14.70,14.50,,1015.05,11.8200
"2024-01-04 09:20:00",4.1500,10.13,75.0000,254,262,1005.40,0,14.50,14.50,14.40,,1015.11,11.7000
"2024-01-04 09:30:00",4.1500,10.07,75.2000,274,288,1005.50,0,14.40,14.40,14.40,,1015.21,11.6300
"2024-01-04 09:40:00",4.1500,10.25,75.6000,300,314,1005.45,0,14.50,14.50,14.50,,1015.16,11.7700
"2024-01-04 09:50:00",4.1500,10.25,75.6000,326,336,1005.45,0,14.50,14.50,14.50,,1015.16,11.7700
"2024-01-04 10:00:00",4.1500,10.27,76.2000,346,360,1005.50,0,14.40,14.40,14.40,,1015.21,11.7400
"2024-01-04 10:10:00",4.1500,10.27,76.2000,374,394,1005.55,0,14.40,14.40,14.40,,1015.26,11.7400
"2024-01-04 10:20:00",4.1500,10.31,76.4000,404,414,1005.40,0,14.40,14.40,14.40,,1015.11,11.7600
"2024-01-04 10:30:00",4.1500,10.23,76.0000,408,426,1005.55,0,14.40,14.40,14.40,,1015.26,11.7200
"2024-01-04 10:40:00",4.1500,10.21,75.4000,450,466,1005.60,0,14.50,14.50,14.40,,1015.31,11.7500
"2024-01-04 10:50:00",4.1500,10.26,75.2000,472,480,1005.50,0,14.60,14.60,14.60,,1015.20,11.8200
"2024-01-04 11:00:00",4.1500,10.26,75.2000,476,506,1005.35,0,14.60,14.70,14.50,,1015.05,11.8200
"2024-01-04 11:10:00",4.1500,10.26,75.2000,440,550,1005.25,0,14.60,14.70,14.60,,1014.95,11.8200
"2024-01-04 11:20:00",4.1500,10.30,75.4000,484,522,1005.20,0,14.60,14.70,14.50,,1014.90,11.8400
"2024-01-04 11:30:00",4.1500,10.10,74.4000,334,490,1005.00,0,14.60,14.60,14.60,,1014.70,11.7300
"2024-01-04 11:40:00",4.1500,10.26,74.2000,184,206,1004.90,0,14.80,15.00,14.70,,1014.59,11.9000
"2024-01-04 11:50:00",4.1500,10.42,73.6000,182,202,1004.85,0,15.10,15.30,15.00,,1014.53,12.1100
"2024-01-04 12:00:00",4.1500,10.01,73.0000,164,226,1004.75,0,14.80,15.10,14.60,,1014.44,11.7700
"2024-01-04 12:10:00",4.1500,10.08,73.8000,186,240,1004.60,0,14.70,14.70,14.70,,1014.29,11.7600
"2024-01-04 12:20:00",4.1500,10.42,75.0000,224,236,1004.40,0,14.80,14.90,14.60,,1014.08,11.9900
"2024-01-04 12:30:00",4.1500,10.50,75.4000,246,258,1004.30,0,14.80,15.00,14.70,,1013.98,12.0300
"2024-01-04 12:40:00",4.1500,10.71,76.0000,308,498,1004.15,0,14.90,15.00,14.80,,1013.83,12.1900
"2024-01-04 12:50:00",4.1500,10.85,76.2000,700,782,1004.00,0,15.00,15.10,15.00,,1013.67,12.3100
"2024-01-04 13:00:00",4.1500,10.67,75.8000,486,780,1004.05,0,14.90,15.00,14.60,,1013.73,12.1700
"2024-01-04 13:10:00",4.1500,10.60,76.4000,556,818,1004.00,0,14.70,14.80,14.60,,1013.68,12.0400
"2024-01-04 13:20:00",4.1500,11.20,77.0000,676,812,1003.85,0,15.20,15.40,14.90,,1013.51,12.5900
"2024-01-04 13:30:00",4.1500,10.96,75.8000,560,816,1003.85,0,15.20,15.50,15.10,,1013.51,12.4500
"2024-01-04 13:40:00",4.1500,10.83,75.6000,730,768,1003.80,0,15.10,15.10,15.10,,1013.47,12.3400
"2024-01-04 13:50:00",4.1500,10.84,75.2000,738,790,1003.80,0,15.20,15.30,15.20,,1013.46,12.3900
"2024-01-04 14:00:00",4.1500,10.86,74.8000,746,780,1003.80,0,15.30,15.30,15.30,,1013.46,12.4400
"2024-01-04 14:10:00",4.1500,10.82,74.6000,764,776,1003.85,0,15.30,15.40,15.20,,1013.51,12.4100
"2024-01-04 14:20:00",4.1500,10.78,74.4000,740,756,1003.95,0,15.30,15.30,15.30,,1013.61,12.3900
"2024-01-04 14:30:00",4.1500,10.52,73.6000,706,730,1003.90,0,15.20,15.30,15.10,,1013.56,12.2100
"2024-01-04 14:40:00",4.1500,10.59,73.0000,690,708,1003.90,0,15.40,15.50,15.30,,1013.56,12.3300
"2024-01-04 14:50:00",4.1500,10.27,72.4000,682,694,1003.85,0,15.20,15.30,15.10,,1013.51,12.0800
"2024-01-04 15:00:00",4.1500,10.00,72.0000,642,672,1003.85,0,15.00,15.10,14.90,,1013.52,11.8400
"2024-01-04 15:10:00",4.1500,9.61,70.6000,582,606,1003.90,0,14.90,15.20,14.70,,1013.58,11.6000
"2024-01-04 15:20:00",4.1500,9.93,71.2000,488,578,1003.85,0,15.10,15.20,14.80,,1013.52,11.8500
"2024-01-04 15:30:00",4.1500,9.71,72.0000,164,408,1003.85,0,14.70,14.80,14.60,,1013.53,11.5600
"2024-01-04 15:40:00",4.1500,9.87,74.2000,34,42,1003.90,0,14.40,14.60,14.30,,1013.59,11.5200
"2024-01-04 15:50:00",4.1500,9.99,75.8000,22,28,1003.85,0,14.20,14.30,14.00,,1013.55,11.5000
"2024-01-04 16:00:00",4.1500,9.07,73.6000,10,14,1003.85,0,13.70,14.00,13.40,,1013.57,10.8000
"2024-01-04 16:10:00",4.1500,9.46,73.6000,4,6,1003.90,0,14.10,14.30,13.50,,1013.61,11.1700
"2024-01-04 16:20:00",4.1500,10.04,77.0000,0,0,1003.90,0,14.00,14.10,13.90,,1013.61,11.4400
"2024-01-04 16:30:00",4.1500,10.19,77.8000,0,0,1003.85,0,14.00,14.00,14.00,,1013.56,11.5300
"2024-01-04 16:40:00",4.1500,10.13,78.0000,0,0,1003.85,0,13.90,13.90,13.80,,1013.56,11.4600
"2024-01-04 16:50:00",4.1500,9.88,77.2000,0,0,1003.80,0,13.80,13.90,13.70,,1013.52,11.2800
"2024-01-04 17:00:00",4.1500,9.80,76.8000,0,0,1003.80,0,13.80,13.90,13.70,,1013.52,11.2300
"2024-01-04 17:10:00",4.1500,9.84,77.0000,0,0,1003.75,0,13.80,13.80,13.80,,1013.47,11.2500
"2024-01-04 17:20:00",4.1500,9.71,76.8000,0,0,1003.80,0,13.70,13.70,13.60,,1013.52,11.1400
"2024-01-04 17:30:00",4.1500,9.88,77.2000,0,0,1003.80,0,13.80,13.80,13.80,,1013.52,11.2800
"2024-01-04 17:40:00",4.1500,10.03,78.0000,0,0,1003.80,0,13.80,13.80,13.80,,1013.52,11.3600
"2024-01-04 17:50:00",4.1500,10.05,78.6000,0,0,1003.80,0,13.70,13.70,13.60,,1013.52,11.3300
"2024-01-04 18:00:00",4.1500,10.25,81.2000,0,0,1003.80,0,13.40,13.60,13.10,,1013.53,11.3200
"2024-01-04 18:10:00",4.1500,10.21,82.6000,0,0,1003.80,0,13.10,13.10,13.10,,1013.54,11.1800
"2024-01-04 18:20:00",4.1500,10.32,83.2000,0,0,1003.75,0,13.10,13.10,13.10,,1013.49,11.2400
"2024-01-04 18:30:00",4.1500,10.35,83.4000,0,0,1003.60,0,13.10,13.10,13.10,,1013.34,11.2700
"2024-01-04 18:40:00",4.1500,10.39,83.6000,0,0,1003.45,0,13.10,13.20,12.90,,1013.19,11.2900
"2024-01-04 18:50:00",4.1500,10.26,84.0000,0,0,1003.40,0,12.90,12.90,12.90,,1013.15,11.1400
"2024-01-04 19:00:00",4.1500,10.16,83.4000,0,0,1003.30,0,12.90,13.00,12.80,,1013.05,11.0700
"2024-01-04 19:10:00",4.1500,9.90,82.0000,0,0,1003.15,0,12.90,13.00,12.90,,1012.89,10.9200
"2024-01-04 19:20:00",4.1500,9.67,80.2000,0,0,1002.95,0,13.00,13.10,12.90,,1012.69,10.8300
"2024-01-04 19:30:00",4.1500,8.87,76.0000,0,0,1002.85,0,13.00,13.10,12.80,,1012.59,10.3900
"2024-01-04 19:40:00",4.1500,8.78,73.6000,0,0,1002.85,0,13.40,13.50,13.20,,1012.57,10.5100
"2024-01-04 19:50:00",4.1500,8.52,71.8000,0,0,1002.70,0,13.50,13.60,13.40,,1012.42,10.4200
"2024-01-04 20:00:00",4.1500,8.27,70.6000,0,0,1002.70,0,13.50,13.60,13.40,,1012.42,10.2900
"2024-01-04 20:10:00",4.1500,8.64,71.0000,0,0,1002.55,0,13.80,13.90,13.70,,1012.25,10.6100
"2024-01-04 20:20:00",4.1500,8.95,73.0000,0,0,1002.50,0,13.70,13.70,13.60,,1012.21,10.7300
"2024-01-04 20:30:00",4.1500,9.29,74.2000,0,0,1002.50,0,13.80,14.00,13.60,,1012.20,10.9500
"2024-01-04 20:40:00",4.1500,8.99,73.2000,0,0,1002.55,0,13.70,13.90,13.40,,1012.26,10.7500
"2024-01-04 20:50:00",4.1500,9.23,74.4000,0,0,1002.60,0,13.70,13.90,13.30,,1012.31,10.8800
"2024-01-04 21:00:00",4.1500,8.32,71.8000,0,0,1002.55,0,13.30,13.50,13.20,,1012.27,10.2300
"2024-01-04 21:10:00",4.1500,8.45,72.4000,0,0,1002.50,0,13.30,13.60,13.00,,1012.22,10.2900
"2024-01-04 21:20:00",4.1500,7.61,70.2000,0,0,1002.40,0,12.90,13.00,12.80,,1012.14,9.6900
"2024-01-04 21:30:00",4.1500,7.52,69.8000,0,0,1002.30,0,12.90,12.90,12.80,,1012.04,9.6500
"2024-01-04 21:40:00",4.1500,7.13,68.4000,0,0,1002.25,0,12.80,12.90,12.80,,1011.99,9.4100
"2024-01-04 21:50:00",4.1500,7.18,68.6000,0,0,1002.30,0,12.80,12.90,12.70,,1012.04,9.4300
"2024-01-04 22:00:00",4.1500,6.90,68.2000,0,0,1002.30,0,12.60,12.70,12.50,,1012.05,9.2000
"2024-01-04 22:10:00",4.1500,6.97,69.0000,0,0,1002.30,0,12.50,12.60,12.50,,1012.05,9.1900
"2024-01-04 22:20:00",4.1500,7.09,70.0000,0,0,1002.30,0,12.40,12.40,12.40,,1012.06,9.2000
"2024-01-04 22:30:00",4.1500,7.68,73.4000,0,0,1002.15,0,12.30,12.30,12.30,,1011.91,9.4600
"2024-01-04 22:40:00",4.1500,7.92,74.6000,0,0,1002.10,0,12.30,12.30,12.30,,1011.86,9.5800
"2024-01-04 22:50:00",4.1500,8.14,75.2000,0,0,1002.00,0,12.40,12.40,12.30,,1011.75,9.7400
"2024-01-04 23:00:00",4.1500,8.35,75.8000,0,0,1001.80,0,12.50,12.50,12.50,,1011.55,9.8900
"2024-01-04 23:10:00",4.1500,8.58,76.0000,0,0,1001.70,0,12.70,12.70,12.70,,1011.44,10.1000
"2024-01-04 23:20:00",4.1500,7.86,73.8000,0,0,1001.55,0,12.40,12.60,12.30,,1011.30,9.5900
"2024-01-04 23:30:00",4.1500,6.96,69.4000,0,0,1001.30,0,12.40,12.60,12.20,,1011.05,9.1400
"2024-01-04 23:40:00",4.1500,7.06,67.6000,0,0,1001.10,0,12.90,13.00,12.80,,1010.82,9.4200
"2024-01-04 23:50:00",4.1500,6.75,66.2000,0,0,1000.95,0,12.90,12.90,12.90,,1010.67,9.2700
"2024-01-05 00:00:00",4.1500,6.89,66.4000,0,0,1000.90,0,13.00,13.10,12.90,,1010.62,9.3800
"2024-01-05 00:10:00",4.1500,7.25,67.6000,0,0,1000.95,0,13.10,13.10,13.10,,1010.67,9.6000
"2024-01-05 00:20:00",4.1500,7.51,68.4000,0,0,1000.80,0,13.20,13.30,13.10,,1010.51,9.7800
"2024-01-05 00:30:00",4.1500,7.09,65.6000,0,0,1000.55,0,13.40,13.50,13.30,,1010.25,9.6700
"2024-01-05 00:40:00",4.1500,7.19,65.6000,0,0,1000.35,0,13.50,13.50,13.40,,1010.04,9.7600
"2024-01-05 00:50:00",4.1500,7.05,65.4000,0,0,1000.35,0,13.40,13.40,13.40,,1010.05,9.6500
"2024-01-05 01:00:00",4.1500,7.66,68.2000,0,0,1000.30,0,13.40,13.40,13.40,,1010.00,9.9400
"2024-01-05 01:10:00",4.1500,7.13,66.2000,0,0,1000.35,0,13.30,13.40,13.30,,1010.05,9.6400
"2024-01-05 01:20:00",4.1500,7.09,65.6000,0,0,1000.45,0,13.40,13.40,13.40,,1010.15,9.6700
"2024-01-05 01:30:00",4.1500,7.05,65.4000,0,0,1000.35,0,13.40,13.40,13.40,,1010.05,9.6500
"2024-01-05 01:40:00",4.1500,7.09,65.6000,0,0,1000.30,0,13.40,13.50,13.30,,1010.00,9.6700
"2024-01-05 01:50:00",4.1500,7.37,66.0000,0,0,1000.20,0,13.60,13.60,13.60,,1009.89,9.8900
"2024-01-05 02:00:00",4.1500,7.62,68.0000,0,0,1000.10,0,13.40,13.40,13.30,,1009.80,9.9200
"2024-01-05 02:10:00",4.1500,8.12,70.8000,0,0,1000.05,0,13.30,13.30,13.30,,1009.75,10.1200
"2024-01-05 02:20:00",4.1500,8.19,71.6000,0,0,1000.10,0,13.20,13.30,13.20,,1009.80,10.1100
"2024-01-05 02:30:00",4.1500,8.33,72.8000,0,0,1000.20,0,13.10,13.20,13.10,,1009.91,10.1500
"2024-01-05 02:40:00",4.1500,8.33,72.8000,0,0,1000.30,0,13.10,13.20,13.00,,1010.01,10.1500
"2024-01-05 02:50:00",4.1500,8.70,75.6000,0,0,1000.20,0,12.90,12.90,12.90,,1009.92,10.2500
"2024-01-05 03:00:00",4.1500,9.26,78.0000,0,0,1000.05,0.4,13.00,13.10,12.90,,1009.76,10.6000
"2024-01-05 03:10:00",4.1500,9.72,81.0000,0,0,999.90,0.4,12.90,13.10,12.80,,1009.61,10.8200
"2024-01-05 03:20:00",4.1500,9.98,84.6000,0,0,999.75,0.6,12.50,12.70,12.30,,1009.48,10.8100
"2024-01-05 03:30:00",4.1500,10.20,87.0000,0,0,999.60,0.2,12.30,12.40,12.20,,1009.33,10.8700
"2024-01-05 03:40:00",4.1500,10.31,88.2000,0,0,999.40,0.2,12.20,12.40,12.00,,1009.14,10.9000
"2024-01-05 03:50:00",4.1500,10.44,89.0000,0,0,999.15,0.2,12.20,12.30,12.10,,1008.88,10.9800
"2024-01-05 04:00:00",4.1500,10.87,89.8000,0,0,999.10,0.2,12.50,12.50,12.40,,1008.82,11.3600
"2024-01-05 04:10:00",4.1500,11.01,90.6000,0,0,998.90,0.4,12.50,12.60,12.50,,1008.62,11.4500
"2024-01-05 04:20:00",4.1500,11.27,91.6000,0,0,998.70,0.2,12.60,12.70,12.50,,1008.41,11.6500
"2024-01-05 04:30:00",4.1500,11.24,92.0000,0,0,998.50,0,12.50,12.60,12.30,,1008.21,11.6000
"2024-01-05 04:40:00",4.1500,10.64,92.0000,0,0,998.30,0,11.90,12.20,11.50,,1008.04,11.0000
"2024-01-05 04:50:00",4.1500,10.31,92.4000,0,0,998.10,0,11.50,11.50,11.50,,1007.85,10.6500
"2024-01-05 05:00:00",4.1500,10.08,92.2000,0,0,998.05,0,11.30,11.50,11.20,,1007.81,10.4300
"2024-01-05 05:10:00",4.1500,9.72,91.8000,0,0,998.00,0,11.00,11.10,10.80,,1007.77,10.0900
"2024-01-05 05:20:00",4.1500,9.65,91.4000,0,0,998.00,0,11.00,11.20,10.90,,1007.77,10.0500
"2024-01-05 05:30:00",4.1500,9.89,90.4000,0,0,997.95,0,11.40,11.60,11.30,,1007.70,10.3400
"2024-01-05 05:40:00",4.1500,9.85,89.0000,0,0,997.90,0,11.60,11.70,11.60,,1007.64,10.3900
"2024-01-05 05:50:00",4.1500,9.94,87.8000,0,0,997.80,0,11.90,12.00,11.80,,1007.53,10.5600
"2024-01-05 06:00:00",4.1500,9.87,86.2000,0,0,997.65,0,12.10,12.30,12.00,,1007.37,10.5900
"2024-01-05 06:10:00",4.1500,9.58,84.0000,0,0,997.40,0.2,12.20,12.40,12.10,,1007.12,10.4600
"2024-01-05 06:20:00",4.1500,9.53,81.0000,0,0,997.25,0,12.70,12.80,12.50,,1006.95,10.6300
"2024-01-05 06:30:00",4.1500,9.50,79.8000,0,0,997.20,0,12.90,13.00,12.80,,1006.89,10.6900
"2024-01-05 06:40:00",4.1500,9.67,80.2000,0,0,997.15,0,13.00,13.10,12.90,,1006.83,10.8300
"2024-01-05 06:50:00",4.1500,9.67,80.2000,0,0,997.15,0,13.00,13.00,13.00,,1006.83,10.8300
"2024-01-05 07:00:00",4.1500,9.67,80.2000,0,0,997.05,0,13.00,13.00,12.90,,1006.73,10.8300
"2024-01-05 07:10:00",4.1500,9.71,80.4000,0,0,997.00,0,13.00,13.10,12.90,,1006.68,10.8500
"2024-01-05 07:20:00",4.1500,9.73,81.6000,0,0,996.95,0,12.80,12.80,12.80,,1006.64,10.7900
"2024-01-05 07:30:00",4.1500,9.94,83.8000,2,2,997.00,0,12.60,12.70,12.50,,1006.70,10.8200
"2024-01-05 07:40:00",4.1500,10.22,85.4000,4,4,996.85,0,12.60,12.70,12.60,,1006.55,10.9900
"2024-01-05 07:50:00",4.1500,10.09,83.0000,6,6,996.85,0,12.90,13.00,12.70,,1006.53,11.0300
"2024-01-05 08:00:00",4.1500,9.92,81.0000,6,6,996.75,0,13.10,13.10,13.10,,1006.43,11.0100
"2024-01-05 08:10:00",4.1500,9.73,80.0000,6,6,996.80,0,13.10,13.20,13.10,,1006.48,10.9000
"2024-01-05 08:20:00",4.1500,9.74,79.0000,6,6,996.80,0,13.30,13.40,13.20,,1006.47,10.9900
"2024-01-05 08:30:00",4.1500,9.95,81.2000,14,20,996.50,0.2,13.10,13.20,12.90,,1006.17,11.0300
"2024-01-05 08:40:00",4.1500,9.87,81.8000,20,20,996.25,0,12.90,12.90,12.90,,1005.93,10.9000
"2024-01-05 08:50:00",4.1500,10.10,82.0000,24,26,996.20,0,13.10,13.20,13.00,,1005.87,11.1200
"2024-01-05 09:00:00",4.1500,10.32,83.2000,16,26,996.00,0,13.10,13.10,13.00,,1005.67,11.2400
"2024-01-05 09:10:00",4.1500,10.42,83.8000,14,26,996.05,0,13.10,13.20,13.00,,1005.72,11.3100
"2024-01-05 09:20:00",4.1500,10.36,84.0000,30,32,996.05,0,13.00,13.00,13.00,,1005.72,11.2300
"2024-01-05 09:30:00",4.1500,10.28,83.0000,34,38,995.90,0,13.10,13.20,13.10,,1005.57,11.2200
"2024-01-05 09:40:00",4.1500,10.26,81.8000,28,34,995.80,0,13.30,13.40,13.30,,1005.46,11.2900
"2024-01-05 09:50:00",4.1500,10.21,81.0000,32,34,995.75,0,13.40,13.50,13.30,,1005.40,11.3000
"2024-01-05 10:00:00",4.1500,9.91,79.4000,40,44,995.55,0,13.40,13.50,13.40,,1005.20,11.1300
"2024-01-05 10:10:00",4.1500,9.82,78.4000,18,32,995.45,0,13.50,13.60,13.40,,1005.10,11.1200
"2024-01-05 10:20:00",4.1500,9.76,77.6000,14,18,995.25,0,13.60,13.60,13.50,,1004.89,11.1300
"2024-01-05 10:30:00",4.1500,10.01,78.4000,18,20,995.10,0,13.70,13.80,13.60,,1004.74,11.3100
"2024-01-05 10:40:00",4.1500,10.07,79.2000,18,18,994.95,0,13.60,13.70,13.50,,1004.59,11.3000
"2024-01-05 10:50:00",4.1500,10.14,79.6000,16,16,994.85,0,13.60,13.60,13.60,,1004.49,11.3400
"2024-01-05 11:00:00",4.1500,10.28,79.8000,14,16,994.65,0,13.70,13.80,13.70,,1004.28,11.4600
"2024-01-05 11:10:00",4.1500,10.32,79.0000,16,16,994.50,0,13.90,14.00,13.80,,1004.12,11.5600
"2024-01-05 11:20:00",4.1500,10.36,78.2000,16,18,994.40,0,14.10,14.20,14.00,,1004.01,11.6700
"2024-01-05 11:30:00",4.1500,10.07,76.2000,20,22,994.20,0,14.20,14.30,14.10,,1003.81,11.5500
"2024-01-05 11:40:00",4.1500,10.17,76.2000,20,24,993.95,0,14.30,14.30,14.20,,1003.55,11.6400
"2024-01-05 11:50:00",4.1500,10.21,76.4000,20,24,993.85,0,14.30,14.40,14.20,,1003.45,11.6600
"2024-01-05 12:00:00",4.1500,10.34,78.6000,42,72,993.60,0,14.00,14.20,13.90,,1003.21,11.6200
"2024-01-05 12:10:00",4.1500,10.41,80.0000,48,68,993.30,0,13.80,13.90,13.70,,1002.92,11.5800
"2024-01-05 12:20:00",4.1500,10.36,78.2000,18,26,993.10,0,14.10,14.20,14.00,,1002.70,11.6700
"2024-01-05 12:30:00",4.1500,10.35,77.6000,14,14,992.95,0,14.20,14.30,14.10,,1002.55,11.7000
"2024-01-05 12:40:00",4.1500,10.40,77.4000,14,16,992.70,0,14.30,14.40,14.30,,1002.29,11.7700
"2024-01-05 12:50:00",4.1500,10.54,77.6000,26,34,992.50,0,14.40,14.40,14.40,,1002.08,11.8900
"2024-01-05 13:00:00",4.1500,10.62,78.0000,38,42,992.40,0,14.40,14.50,14.30,,1001.98,11.9300
"2024-01-05 13:10:00",4.1500,10.71,79.0000,30,40,992.20,0,14.30,14.30,14.30,,1001.79,11.9500
"2024-01-05 13:20:00",4.1500,10.76,79.8000,28,30,992.15,0,14.20,14.20,14.10,,1001.74,11.9400
"2024-01-05 13:30:00",4.1500,10.69,79.4000,24,30,992.10,0,14.20,14.20,14.10,,1001.69,11.9000
"2024-01-05 13:40:00",4.1500,10.61,79.0000,18,20,992.00,0,14.20,14.20,14.20,,1001.59,11.8500
"2024-01-05 13:50:00",4.1500,10.60,78.4000,20,26,991.95,0,14.30,14.30,14.30,,1001.53,11.8800
"2024-01-05 14:00:00",4.1500,10.73,79.6000,42,50,991.75,0,14.20,14.30,14.10,,1001.34,11.9200
"2024-01-05 14:10:00",4.1500,10.67,78.8000,26,44,991.65,0,14.30,14.50,14.10,,1001.23,11.9300
"2024-01-05 14:20:00",4.1500,10.52,77.0000,28,30,991.55,0,14.50,14.60,14.40,,1001.12,11.9200
"2024-01-05 14:30:00",4.1500,10.71,77.0000,20,24,991.45,0,14.70,14.70,14.70,,1001.01,12.1100
"2024-01-05 14:40:00",4.1500,10.77,76.8000,12,12,991.35,0,14.80,14.80,14.80,,1000.91,12.1800
"2024-01-05 14:50:00",4.1500,10.95,77.2000,16,18,991.15,0,14.90,14.90,14.80,,1000.70,12.3200
"2024-01-05 15:00:00",4.1500,11.00,77.0000,18,20,991.05,0,15.00,15.10,14.90,,1000.60,12.4000
"2024-01-05 15:10:00",4.1500,11.18,77.4000,16,16,991.05,0,15.10,15.10,15.10,,1000.59,12.5400
"2024-01-05 15:20:00",4.1500,11.26,77.8000,8,14,991.00,0,15.10,15.10,15.10,,1000.54,12.5800
"2024-01-05 15:30:00",4.1500,11.28,78.4000,4,4,990.85,0,15.00,15.10,15.00,,1000.40,12.5500
"2024-01-05 15:40:00",4.1500,11.39,79.0000,2,2,990.75,0,15.00,15.00,15.00,,1000.30,12.6200
"2024-01-05 15:50:00",4.1500,11.41,79.6000,2,2,990.70,0,14.90,14.90,14.90,,1000.25,12.5900
"2024-01-05 16:00:00",4.1500,11.39,80.0000,0,0,990.55,0,14.80,14.80,14.80,,1000.10,12.5400
"2024-01-05 16:10:00",4.1500,11.54,80.8000,0,0,990.50,0,14.80,14.80,14.80,,1000.05,12.6300
"2024-01-05 16:20:00",4.1500,11.59,81.6000,0,0,990.25,0,14.70,14.70,14.70,,999.80,12.6200
"2024-01-05 16:30:00",4.1500,11.67,82.6000,0,0,990.05,0,14.60,14.60,14.60,,999.60,12.6300
"2024-01-05 16:40:00",4.1500,11.81,82.8000,0,0,989.85,0,14.70,14.70,14.60,,999.40,12.7500
"2024-01-05 16:50:00",4.1500,11.82,81.8000,0,0,989.75,0,14.90,14.90,14.80,,999.29,12.8300
"2024-01-05 17:10:00",4.1500,11.97,84.2000,0,0,989.80,0.2,14.60,14.80,14.50,,999.35,12.8100
"2024-01-05 17:20:00",4.1500,12.13,86.8000,0,0,990.00,1.6,14.30,14.40,14.30,,999.56,12.8000
"2024-01-05 17:30:00",4.1500,12.52,90.2000,0,0,989.90,0.2,14.10,14.30,14.00,,999.47,12.9800
"2024-01-05 17:40:00",4.1500,12.66,91.6000,0,0,989.75,0,14.00,14.00,14.00,,999.32,13.0400
"2024-01-05 17:50:00",4.1500,12.23,92.0000,0,0,989.80,0,13.50,13.90,13.30,,999.39,12.5900
"2024-01-05 18:00:00",4.1500,12.46,92.2000,0,0,989.90,0,13.70,13.90,13.50,,999.49,12.8000
"2024-01-05 18:10:00",4.1500,12.49,91.8000,0,0,990.05,0.4,13.80,13.80,13.80,,999.63,12.8600
"2024-01-05 18:20:00",4.1500,12.52,92.0000,0,0,990.10,0.4,13.80,13.80,13.80,,999.68,12.8800
"2024-01-05 18:30:00",4.1500,12.66,92.2000,0,0,990.05,0,13.90,13.90,13.90,,999.63,13.0000
"2024-01-05 18:40:00",4.1500,12.82,92.6000,0,0,990.20,0,14.00,14.00,14.00,,999.78,13.1500
"2024-01-05 18:50:00",4.1500,12.85,92.8000,0,0,990.25,0,14.00,14.00,14.00,,999.83,13.1700
"2024-01-05 19:00:00",4.1500,12.92,93.2000,0,0,990.25,0,14.00,14.00,14.00,,999.83,13.2100
"2024-01-05 19:10:00",4.1500,12.95,93.4000,0,0,990.20,0.2,14.00,14.00,14.00,,999.78,13.2300
"2024-01-05 19:20:00",4.1500,12.79,93.6000,0,0,990.10,0,13.80,13.80,13.80,,999.68,13.0600
"2024-01-05 19:30:00",4.1500,12.79,93.6000,0,0,990.20,0,13.80,13.90,13.70,,999.79,13.0600
"2024-01-05 19:40:00",4.1500,12.59,93.6000,0,0,990.15,0,13.60,13.60,13.60,,999.74,12.8600
"2024-01-05 19:50:00",4.1500,12.59,93.6000,0,0,990.15,0,13.60,13.60,13.60,,999.74,12.8600
"2024-01-05 20:00:00",4.1500,12.56,93.4000,0,0,990.15,0,13.60,13.60,13.60,,999.74,12.8400
"2024-01-05 20:10:00",4.1500,12.65,93.4000,0,0,990.10,0,13.70,13.80,13.70,,999.69,12.9400
"2024-01-05 20:20:00",4.1500,12.65,93.4000,0,0,990.00,0,13.70,13.70,13.70,,999.59,12.9400
"2024-01-05 20:30:00",4.1500,12.75,93.4000,0,0,990.00,0,13.80,13.80,13.70,,999.58,13.0400
"2024-01-05 20:40:00",4.1500,12.85,93.4000,0,0,990.00,0,13.90,13.90,13.90,,999.58,13.1400
"2024-01-05 20:50:00",4.1500,12.75,93.4000,0,0,990.00,0,13.80,13.90,13.60,,999.58,13.0400
"2024-01-05 21:00:00",4.1500,12.56,93.4000,0,0,990.00,0,13.60,13.60,13.60,,999.59,12.8400
"2024-01-05 21:10:00",4.1500,12.65,93.4000,0,0,990.00,0,13.70,13.70,13.70,,999.59,12.9400
"2024-01-05 21:20:00",4.1500,12.62,93.2000,0,0,990.00,0,13.70,13.70,13.70,,999.59,12.9100
"2024-01-05 21:30:00",4.1500,12.62,93.2000,0,0,989.85,0,13.70,13.70,13.60,,999.44,12.9100
"2024-01-05 21:40:00",4.1500,12.52,93.2000,0,0,989.80,0,13.60,13.60,13.60,,999.39,12.8200
"2024-01-05 21:50:00",4.1500,12.39,93.0000,0,0,989.80,0,13.50,13.60,13.50,,999.39,12.6900
"2024-01-05 22:00:00",4.1500,11.93,92.6000,0,0,989.75,0,13.10,13.40,13.00,,999.36,12.2500
"2024-01-05 22:10:00",4.1500,11.50,91.8000,0,0,989.75,0,12.80,12.90,12.70,,999.37,11.8700
"2024-01-05 22:20:00",4.1500,11.20,90.0000,0,0,989.80,0,12.80,12.90,12.70,,999.42,11.6800
"2024-01-05 22:30:00",4.1500,11.26,88.6000,0,0,989.75,0,13.10,13.20,13.00,,999.36,11.8200
"2024-01-05 22:40:00",4.1500,11.19,88.2000,0,0,989.70,0,13.10,13.20,13.00,,999.31,11.7800
"2024-01-05 22:50:00",4.1500,11.12,87.8000,0,0,989.85,0,13.10,13.20,13.00,,999.46,11.7400
"2024-01-05 23:00:00",4.1500,11.12,87.8000,0,0,989.75,0,13.10,13.20,13.00,,999.36,11.7400
"2024-01-05 23:10:00",4.1500,10.92,87.2000,0,0,989.65,0,13.00,13.00,13.00,,999.26,11.5700
"2024-01-05 23:20:00",4.1500,10.82,86.6000,0,0,989.80,0,13.00,13.00,13.00,,999.41,11.5100
"2024-01-05 23:30:00",4.1500,10.78,86.4000,0,0,989.75,0,13.00,13.10,12.90,,999.36,11.4900
"2024-01-05 23:40:00",4.1500,10.85,86.2000,0,0,989.75,0,13.10,13.20,13.10,,999.36,11.5700
"2024-01-05 23:50:00",4.1500,10.75,86.2000,0,0,989.80,0,13.00,13.10,13.00,,999.41,11.4700
"2024-01-06 00:00:00",4.1500,10.78,86.4000,0,0,989.70,0,13.00,13.00,13.00,,999.31,11.4900
"2024-01-06 00:10:00",4.1500,10.69,86.4000,0,0,989.65,0,12.90,13.00,12.80,,999.26,11.3900
"2024-01-06 00:20:00",4.1500,10.69,86.4000,0,0,989.70,0,12.90,13.00,12.80,,999.31,11.3900
"2024-01-06 00:30:00",4.1500,10.58,85.8000,0,0,989.65,0,12.90,12.90,12.80,,999.26,11.3300
"2024-01-06 00:40:00",4.1500,10.55,85.6000,0,0,989.65,0,12.90,13.00,12.80,,999.26,11.3100
"2024-01-06 00:50:00",4.1500,10.54,85.0000,0,0,989.55,0,13.00,13.00,13.00,,999.16,11.3400
"2024-01-06 01:00:00",4.1500,10.47,84.6000,0,0,989.60,0,13.00,13.10,13.00,,999.21,11.3000
"2024-01-06 01:10:00",4.1500,10.50,84.8000,0,0,989.50,0,13.00,13.00,13.00,,999.11,11.3200
"2024-01-06 01:20:00",4.1500,10.64,85.0000,0,0,989.40,0,13.10,13.10,13.10,,999.00,11.4400
"2024-01-06 01:30:00",4.1500,10.54,85.0000,0,0,989.35,0,13.00,13.00,13.00,,998.96,11.3400
"2024-01-06 01:40:00",4.1500,10.50,84.8000,0,0,989.30,0,13.00,13.00,13.00,,998.91,11.3200
"2024-01-06 01:50:00",4.1500,10.54,85.0000,0,0,989.30,0,13.00,13.00,13.00,,998.91,11.3400
"2024-01-06 02:00:00",4.1500,10.57,85.2000,0,0,989.20,0,13.00,13.00,12.90,,998.81,11.3600
"2024-01-06 02:10:00",4.1500,10.41,84.8000,0,0,989.05,0,12.90,12.90,12.90,,998.66,11.2200
"2024-01-06 02:20:00",4.1500,10.50,84.8000,0,0,988.90,0,13.00,13.00,13.00,,998.50,11.3200
"2024-01-06 02:30:00",4.1500,10.37,84.6000,0,0,988.85,0,12.90,13.00,12.90,,998.46,11.2000
"2024-01-06 02:40:00",4.1500,10.43,84.4000,0,0,988.75,0,13.00,13.10,12.90,,998.35,11.2800
"2024-01-06 02:50:00",4.1500,10.54,85.0000,0,0,988.60,0,13.00,13.00,13.00,,998.20,11.3400
"2024-01-06 03:00:00",4.1500,10.41,85.4000,0,0,988.40,0,12.80,12.90,12.80,,998.01,11.1900
"2024-01-06 03:10:00",4.1500,10.55,85.6000,0,0,988.20,0,12.90,12.90,12.90,,997.80,11.3100
"2024-01-06 03:20:00",4.1500,10.42,86.0000,0,0,988.05,0,12.70,12.80,12.70,,997.66,11.1500
"2024-01-06 03:30:00",4.1500,10.46,86.2000,0,0,987.90,0,12.70,12.70,12.70,,997.50,11.1700
"2024-01-06 03:40:00",4.1500,10.59,87.0000,0,0,987.75,0,12.70,12.70,12.70,,997.35,11.2600
"2024-01-06 03:50:00",4.1500,10.73,87.8000,0,0,987.65,0,12.70,12.70,12.70,,997.25,11.3400
"2024-01-06 04:00:00",4.1500,10.67,88.0000,0,0,987.60,0,12.60,12.70,12.60,,997.21,11.2700
"2024-01-06 04:10:00",4.1500,10.70,88.2000,0,0,987.50,0,12.60,12.60,12.60,,997.10,11.2900
"2024-01-06 04:20:00",4.1500,10.73,88.4000,0,0,987.45,0,12.60,12.60,12.50,,997.05,11.3100
"2024-01-06 04:30:00",4.1500,10.50,88.2000,0,0,987.40,0,12.40,12.50,12.30,,997.01,11.0900
"2024-01-06 04:40:00",4.1500,10.34,87.8000,0,0,987.35,0,12.30,12.30,12.30,,996.96,10.9500
"2024-01-06 04:50:00",4.1500,10.37,87.4000,0,0,987.30,0,12.40,12.40,12.40,,996.91,11.0100
"2024-01-06 05:00:00",4.1500,10.20,87.0000,0,0,987.30,0,12.30,12.30,12.30,,996.91,10.8700
"2024-01-06 05:10:00",4.1500,10.23,86.6000,0,0,987.30,0,12.40,12.50,12.30,,996.91,10.9200
"2024-01-06 05:20:00",4.1500,10.39,86.4000,0,0,987.30,0,12.60,12.60,12.60,,996.90,11.1000
"2024-01-06 05:30:00",4.1500,10.46,86.2000,0,0,987.30,0,12.70,12.70,12.70,,996.90,11.1700
"2024-01-06 05:40:00",4.1500,10.46,86.2000,0,0,987.30,0,12.70,12.70,12.70,,996.90,11.1700
"2024-01-06 05:50:00",4.1500,10.22,85.4000,0,0,987.30,0,12.60,12.60,12.60,,996.90,10.9900
"2024-01-06 06:00:00",4.1500,10.41,85.4000,0,0,987.30,0,12.80,12.90,12.70,,996.89,11.1900
"2024-01-06 06:10:00",4.1500,10.39,85.8000,0,0,987.25,0,12.70,12.70,12.70,,996.85,11.1300
"2024-01-06 06:20:00",4.1500,10.39,86.4000,0,0,987.20,0,12.60,12.60,12.60,,996.80,11.1000
"2024-01-06 06:30:00",4.1500,10.46,86.8000,0,0,987.25,0,12.60,12.60,12.60,,996.85,11.1400
"2024-01-06 06:40:00",4.1500,10.43,87.2000,0,0,987.25,0,12.50,12.50,12.50,,996.86,11.0900
"2024-01-06 06:50:00",4.1500,10.47,87.4000,0,0,987.25,0,12.50,12.50,12.50,,996.86,11.1100
"2024-01-06 07:00:00",4.1500,10.50,87.6000,0,0,987.30,0,12.50,12.50,12.50,,996.91,11.1300
"2024-01-06 07:10:00",4.1500,10.44,87.8000,2,2,987.35,0,12.40,12.40,12.40,,996.96,11.0500
"2024-01-06 07:20:00",4.1500,10.64,88.4000,2,2,987.35,0,12.50,12.50,12.50,,996.96,11.2100
"2024-01-06 07:30:00",4.1500,10.57,89.2000,6,6,987.30,0,12.30,12.40,12.20,,996.91,11.1000
"2024-01-06 07:40:00",4.1500,10.44,89.6000,6,6,987.35,0,12.10,12.30,11.90,,996.97,10.9500
"2024-01-06 07:50:00",4.1500,10.51,90.0000,10,12,987.40,0,12.10,12.20,11.90,,997.02,10.9900
"2024-01-06 08:00:00",4.1500,10.91,90.6000,16,18,987.45,0,12.40,12.40,12.30,,997.06,11.3500
"2024-01-06 08:10:00",4.1500,10.97,91.0000,22,24,987.50,0,12.40,12.40,12.30,,997.11,11.3900
"2024-01-06 08:20:00",4.1500,10.87,91.0000,30,36,987.55,0,12.30,12.30,12.30,,997.17,11.2900
"2024-01-06 08:30:00",4.1500,10.74,90.8000,42,44,987.55,0,12.20,12.20,12.20,,997.17,11.1700
"2024-01-06 08:40:00",4.1500,10.77,90.4000,44,44,987.60,0,12.30,12.40,12.20,,997.22,11.2300
"2024-01-06 08:50:00",4.1500,10.77,89.8000,46,46,987.65,0,12.40,12.40,12.40,,997.26,11.2600
"2024-01-06 09:00:00",4.1500,10.81,89.4000,44,44,987.65,0,12.50,12.50,12.50,,997.26,11.3200
"2024-01-06 09:10:00",4.1500,10.84,89.0000,44,44,987.65,0,12.60,12.60,12.60,,997.26,11.3700
"2024-01-06 09:20:00",4.1500,10.80,88.8000,48,52,987.70,0,12.60,12.60,12.60,,997.31,11.3500
"2024-01-06 09:30:00",4.1500,10.90,88.8000,58,66,987.75,0,12.70,12.70,12.70,,997.35,11.4500
"2024-01-06 09:40:00",4.1500,10.83,88.4000,76,82,987.75,0,12.70,12.70,12.70,,997.35,11.4100
"2024-01-06 09:50:00",4.1500,10.90,88.2000,82,84,987.70,0,12.80,12.90,12.80,,997.30,11.4900
"2024-01-06 10:00:00",4.1500,10.96,88.0000,74,76,987.70,0,12.90,12.90,12.90,,997.29,11.5600
"2024-01-06 10:10:00",4.1500,10.89,87.6000,76,78,987.60,0,12.90,12.90,12.90,,997.19,11.5200
"2024-01-06 10:20:00",4.1500,10.86,87.4000,68,70,987.55,0,12.90,12.90,12.90,,997.14,11.5000
"2024-01-06 10:30:00",4.1500,10.96,87.4000,70,72,987.45,0,13.00,13.10,13.00,,997.04,11.6000
"2024-01-06 10:40:00",4.1500,10.92,87.2000,78,84,987.35,0,13.00,13.00,13.00,,996.94,11.5700
"2024-01-06 10:50:00",4.1500,10.89,87.0000,90,96,987.30,0,13.00,13.10,13.00,,996.89,11.5500
"2024-01-06 11:00:00",4.1500,10.85,86.8000,94,98,987.15,0,13.00,13.00,12.90,,996.74,11.5300
"2024-01-06 11:10:00",4.1500,10.72,86.0000,94,106,987.05,0,13.00,13.20,12.90,,996.63,11.4500
"2024-01-06 11:20:00",4.1500,10.54,85.0000,114,116,986.95,0,13.00,13.00,13.00,,996.53,11.3400
"2024-01-06 11:30:00",4.1500,10.46,84.0000,118,118,986.85,0,13.10,13.30,13.00,,996.43,11.3300
"2024-01-06 11:40:00",4.1500,10.73,84.4000,130,144,986.75,0,13.30,13.40,13.20,,996.32,11.5700
"2024-01-06 11:50:00",4.1500,10.50,84.2000,160,174,986.60,0,13.10,13.10,13.00,,996.18,11.3500
"2024-01-06 12:00:00",4.1500,10.33,82.2000,200,212,986.50,0,13.30,13.60,13.10,,996.07,11.3300
"2024-01-06 12:10:00",4.1500,10.32,81.6000,218,228,986.40,0,13.40,13.50,13.30,,995.96,11.3600
"2024-01-06 12:20:00",4.1500,10.11,81.0000,226,236,986.25,0,13.30,13.50,13.10,,995.82,11.2000
"2024-01-06 12:30:00",4.1500,9.79,79.8000,216,226,986.15,0,13.20,13.20,13.20,,995.72,10.9800
"2024-01-06 12:40:00",4.1500,9.72,79.4000,268,364,986.05,0,13.20,13.30,13.10,,995.62,10.9400
"2024-01-06 12:50:00",4.1500,9.68,79.2000,428,512,985.95,0,13.20,13.30,13.10,,995.52,10.9200
"2024-01-06 13:00:00",4.1500,9.62,79.4000,370,480,985.90,0,13.10,13.30,12.90,,995.47,10.8400
"2024-01-06 13:10:00",4.1500,9.52,79.4000,336,348,985.75,0,13.00,13.10,12.90,,995.32,10.7500
"2024-01-06 13:20:00",4.1500,9.54,80.0000,288,318,985.70,0,12.90,13.00,12.80,,995.28,10.7100
"2024-01-06 13:30:00",4.1500,9.25,79.0000,162,226,985.75,0,12.80,12.90,12.70,,995.33,10.5100
"2024-01-06 13:40:00",4.1500,9.38,80.2000,110,118,985.65,0,12.70,12.80,12.70,,995.23,10.5400
"2024-01-06 13:50:00",4.1500,9.67,81.8000,96,102,985.65,0,12.70,12.80,12.60,,995.23,10.7100
"2024-01-06 14:00:00",4.1500,9.61,82.0000,78,86,985.80,0,12.60,12.70,12.50,,995.39,10.6300
"2024-01-06 14:10:00",4.1500,9.47,81.2000,70,72,985.75,0,12.60,12.60,12.50,,995.34,10.5500
"2024-01-06 14:20:00",4.1500,9.38,80.2000,68,68,985.80,0,12.70,12.80,12.60,,995.38,10.5400
"2024-01-06 14:30:00",4.1500,8.85,77.4000,68,70,985.80,0,12.70,12.90,12.50,,995.38,10.2500
"2024-01-06 14:40:00",4.1500,8.58,75.0000,62,62,985.80,0,12.90,13.00,12.80,,995.38,10.1900
"2024-01-06 14:50:00",4.1500,8.58,75.0000,54,58,985.90,0,12.90,13.00,12.80,,995.48,10.1900
"2024-01-06 15:00:00",4.1500,8.70,75.6000,48,50,986.00,0,12.90,13.00,12.80,,995.58,10.2500
"2024-01-06 15:10:00",4.1500,8.54,74.8000,42,44,986.00,0,12.90,12.90,12.80,,995.58,10.1700
"2024-01-06 15:20:00",4.1500,8.74,75.8000,40,40,986.10,0,12.90,13.00,12.80,,995.68,10.2700
"2024-01-06 15:30:00",4.1500,8.58,75.0000,30,38,986.20,0,12.90,13.00,12.80,,995.78,10.1900
"2024-01-06 15:40:00",4.1500,8.40,74.6000,22,26,986.35,0,12.80,13.00,12.70,,995.94,10.0500
"2024-01-06 15:50:00",4.1500,8.70,75.6000,12,16,986.45,0,12.90,13.00,12.80,,996.03,10.2500
"2024-01-06 16:00:00",4.1500,8.64,75.8000,6,8,986.55,0,12.80,12.90,12.70,,996.14,10.1800
"2024-01-06 16:10:00",4.1500,8.62,76.2000,2,4,986.55,0,12.70,12.80,12.60,,996.14,10.1200
"2024-01-06 16:20:00",4.1500,8.81,77.2000,0,0,986.65,0,12.70,12.90,12.60,,996.24,10.2300
"2024-01-06 16:30:00",4.1500,8.85,77.4000,0,0,986.75,0,12.70,12.80,12.70,,996.34,10.2500
"2024-01-06 16:40:00",4.1500,8.97,78.0000,0,0,986.85,0,12.70,12.80,12.60,,996.44,10.3100
"2024-01-06 16:50:00",4.1500,9.49,80.8000,0,0,986.85,0,12.70,12.90,12.60,,996.44,10.6000
"2024-01-06 17:00:00",4.1500,9.49,82.4000,0,0,986.75,0,12.40,12.70,12.20,,996.35,10.4800
"2024-01-06 17:10:00",4.1500,8.89,80.2000,0,0,986.80,0,12.20,12.30,12.10,,996.41,10.0600
"2024-01-06 17:20:00",4.1500,8.86,80.0000,0,0,986.85,0,12.20,12.30,12.10,,996.46,10.0400
"2024-01-06 17:30:00",4.1500,8.59,79.6000,0,0,986.85,0,12.00,12.10,12.00,,996.47,9.8100
"2024-01-06 17:40:00",4.1500,8.55,79.4000,0,0,986.90,0,12.00,12.10,11.90,,996.52,9.7900
"2024-01-06 17:50:00",4.1500,8.40,78.6000,0,0,987.00,0,12.00,12.10,12.00,,996.62,9.7000
"2024-01-06 18:00:00",4.1500,8.21,77.6000,0,0,987.00,0,12.00,12.10,12.00,,996.62,9.6000
"2024-01-06 18:10:00",4.1500,8.17,77.4000,0,0,987.00,0,12.00,12.00,11.90,,996.62,9.5800
"2024-01-06 18:20:00",4.1500,8.21,77.6000,0,0,987.10,0,12.00,12.10,11.90,,996.72,9.6000
"2024-01-06 18:30:00",4.1500,7.81,76.0000,0,0,987.15,0,11.90,12.00,11.90,,996.78,9.3400
"2024-01-06 18:40:00",4.1500,7.94,76.2000,0,0,987.20,0,12.00,12.10,12.00,,996.82,9.4600
"2024-01-06 18:50:00",4.1500,7.77,75.8000,0,0,987.25,0,11.90,12.10,11.80,,996.88,9.3200
"2024-01-06 19:00:00",4.1500,7.77,75.8000,0,0,987.30,0,11.90,12.00,11.90,,996.93,9.3200
"2024-01-06 19:10:00",4.1500,7.69,75.4000,0,0,987.25,0,11.90,12.10,11.80,,996.88,9.2800
"2024-01-06 19:20:00",4.1500,7.52,75.0000,0,0,987.35,0,11.80,11.90,11.70,,996.98,9.1500
"2024-01-06 19:30:00",4.1500,7.57,74.8000,0,0,987.30,0,11.90,12.10,11.80,,996.93,9.2200
"2024-01-06 19:40:00",4.1500,7.73,75.6000,0,0,987.30,0,11.90,12.00,11.80,,996.93,9.3000
"2024-01-06 19:50:00",4.1500,7.61,75.0000,0,0,987.35,0,11.90,12.00,11.90,,996.98,9.2400
"2024-01-06 20:00:00",4.1500,7.54,74.6000,0,0,987.30,0,11.90,12.00,11.90,,996.93,9.2000
"2024-01-06 20:10:00",4.1500,7.55,74.2000,0,0,987.35,0,12.00,12.10,11.90,,996.98,9.2500
"2024-01-06 20:20:00",4.1500,7.55,74.2000,0,0,987.35,0,12.00,12.10,12.00,,996.98,9.2500
"2024-01-06 20:30:00",4.1500,7.81,75.0000,0,0,987.25,0,12.10,12.20,12.00,,996.87,9.4300
"2024-01-06 20:40:00",4.1500,8.10,76.0000,0,0,987.15,0,12.20,12.30,12.00,,996.77,9.6300
"2024-01-06 20:50:00",4.1500,7.85,75.2000,0,0,987.10,0,12.10,12.20,12.10,,996.72,9.4500
"2024-01-06 21:00:00",4.1500,7.73,74.6000,0,0,987.15,0,12.10,12.20,12.10,,996.77,9.3900
"2024-01-06 21:10:00",4.1500,7.69,74.4000,0,0,987.05,0,12.10,12.20,12.10,,996.67,9.3700
"2024-01-06 21:20:00",4.1500,7.57,73.8000,0,0,987.00,0,12.10,12.10,12.10,,996.62,9.3100
"2024-01-06 21:30:00",4.1500,7.53,73.6000,0,0,986.90,0,12.10,12.20,12.00,,996.52,9.2900
"2024-01-06 21:40:00",4.1500,7.83,74.6000,0,0,986.85,0,12.20,12.30,12.10,,996.46,9.4800
"2024-01-06 21:50:00",4.1500,7.87,75.8000,0,0,986.75,0,12.00,12.20,11.80,,996.37,9.4200
"2024-01-06 22:00:00",4.1500,7.73,75.6000,0,0,986.80,0,11.90,12.00,11.80,,996.42,9.3000
"2024-01-06 22:10:00",4.1500,7.60,75.4000,0,0,986.80,0,11.80,11.90,11.60,,996.43,9.1900
"2024-01-06 22:20:00",4.1500,7.40,74.4000,0,0,986.85,0,11.80,12.00,11.70,,996.48,9.0900
"2024-01-06 22:30:00",4.1500,7.24,73.6000,0,0,986.80,0,11.80,11.80,11.70,,996.43,9.0000
"2024-01-06 22:40:00",4.1500,7.28,73.8000,0,0,986.70,0,11.80,12.00,11.70,,996.33,9.0200
"2024-01-06 22:50:00",4.1500,7.54,75.6000,0,0,986.65,0,11.70,11.80,11.60,,996.28,9.1100
"2024-01-06 23:00:00",4.1500,7.61,76.0000,0,0,986.65,0,11.70,11.80,11.60,,996.28,9.1500
"2024-01-06 23:10:00",4.1500,7.56,76.2000,0,0,986.65,0,11.60,11.70,11.50,,996.28,9.0800
"2024-01-06 23:20:00",4.1500,7.38,75.8000,0,0,986.65,0,11.50,11.70,11.40,,996.29,8.9400
"2024-01-06 23:30:00",4.1500,7.48,75.8000,0,0,986.60,0,11.60,11.80,11.50,,996.23,9.0400
"2024-01-06 23:40:00",4.1500,7.34,75.6000,0,0,986.65,0,11.50,11.70,11.40,,996.29,8.9200
"2024-01-06 23:50:00",4.1500,7.36,75.2000,0,0,986.65,0,11.60,11.70,11.50,,996.28,8.9800
"2024-01-07 00:00:00",4.1500,7.15,74.6000,0,0,986.70,0,11.50,11.60,11.40,,996.34,8.8200
"2024-01-07 00:10:00",4.1500,7.36,75.2000,0,0,986.65,0,11.60,11.70,11.50,,996.28,8.9800
"2024-01-07 00:20:00",4.1500,7.27,75.2000,0,0,986.65,0,11.50,11.60,11.40,,996.29,8.8800
"2024-01-07 00:30:00",4.1500,7.19,74.8000,0,0,986.55,0,11.50,11.60,11.40,,996.19,8.8400
"2024-01-07 00:40:00",4.1500,7.19,74.8000,0,0,986.55,0,11.50,11.60,11.40,,996.19,8.8400
"2024-01-07 00:50:00",4.1500,7.23,75.0000,0,0,986.60,0,11.50,11.70,11.40,,996.24,8.8600
"2024-01-07 01:00:00",4.1500,7.31,75.4000,0,0,986.70,0,11.50,11.60,11.40,,996.34,8.9000
"2024-01-07 01:10:00",4.1500,7.19,74.8000,0,0,986.75,0,11.50,11.60,11.40,,996.39,8.8400
"2024-01-07 01:20:00",4.1500,7.15,74.6000,0,0,986.85,0,11.50,11.50,11.40,,996.49,8.8200
"2024-01-07 01:30:00",4.1500,7.32,75.0000,0,0,986.80,0,11.60,11.70,11.50,,996.43,8.9600
"2024-01-07 01:40:00",4.1500,7.31,75.4000,0,0,986.75,0,11.50,11.60,11.40,,996.39,8.9000
"2024-01-07 01:50:00",4.1500,7.27,75.2000,0,0,986.75,0,11.50,11.60,11.40,,996.39,8.8800
"2024-01-07 02:00:00",4.1500,7.11,74.4000,0,0,986.80,0,11.50,11.60,11.40,,996.44,8.8000
"2024-01-07 02:10:00",4.1500,7.13,74.0000,0,0,986.85,0,11.60,11.70,11.50,,996.49,8.8600
"2024-01-07 02:20:00",4.1500,7.05,73.6000,0,0,986.75,0,11.60,11.70,11.50,,996.38,8.8200
"2024-01-07 02:30:00",4.1500,7.09,73.8000,0,0,986.75,0,11.60,11.70,11.50,,996.38,8.8400
"2024-01-07 02:40:00",4.1500,6.91,73.4000,0,0,986.80,0,11.50,11.80,11.40,,996.44,8.7000
"2024-01-07 02:50:00",4.1500,6.81,72.4000,0,0,986.80,0,11.60,11.70,11.50,,996.43,8.7000
"2024-01-07 03:00:00",4.1500,6.70,71.4000,0,0,986.70,0,11.70,11.70,11.70,,996.33,8.6900
"2024-01-07 03:10:00",4.1500,6.88,71.8000,0,0,986.65,0,11.80,11.80,11.70,,996.28,8.8200
"2024-01-07 03:20:00",4.1500,6.96,72.2000,0,0,986.65,0,11.80,11.90,11.70,,996.28,8.8600
"2024-01-07 03:30:00",4.1500,7.24,73.6000,0,0,986.65,0,11.80,11.90,11.70,,996.28,9.0000
"2024-01-07 03:40:00",4.1500,7.61,76.0000,0,0,986.60,0,11.70,11.80,11.60,,996.23,9.1500
"2024-01-07 03:50:00",4.1500,8.15,80.4000,0,0,986.65,0.2,11.40,11.80,10.90,,996.29,9.3100
"2024-01-07 04:00:00",4.1500,8.49,86.8000,0,0,986.65,0.2,10.60,10.80,10.40,,996.32,9.1900
"2024-01-07 04:10:00",4.1500,8.63,88.8000,0,0,986.60,2.2,10.40,10.60,10.10,,996.28,9.1900
"2024-01-07 04:20:00",4.1500,8.73,90.6000,0,0,986.50,0.2,10.20,10.40,10.10,,996.18,9.1800
"2024-01-07 04:30:00",4.1500,8.34,89.4000,0,0,986.20,0,10.00,10.30,9.90,,995.89,8.8600
"2024-01-07 04:40:00",4.1500,8.10,86.2000,0,0,986.15,0,10.30,10.50,10.00,,995.83,8.8300
"2024-01-07 04:50:00",4.1500,7.48,81.0000,0,0,986.05,0,10.60,10.80,10.30,,995.72,8.6000
"2024-01-07 05:00:00",4.1500,7.20,77.4000,0,0,985.85,0,11.00,11.10,10.90,,995.50,8.6300
"2024-01-07 05:10:00",4.1500,7.00,75.8000,0,0,985.85,0,11.10,11.30,11.00,,995.49,8.5600
"2024-01-07 05:20:00",4.1500,6.80,74.8000,0,0,985.85,0,11.10,11.40,11.00,,995.49,8.4600
"2024-01-07 05:30:00",4.1500,6.76,73.6000,0,0,985.85,0,11.30,11.50,11.20,,995.49,8.5300
"2024-01-07 05:40:00",4.1500,6.47,71.2000,0,0,985.85,0,11.50,11.60,11.30,,995.48,8.4800
"2024-01-07 05:50:00",4.1500,6.06,69.2000,0,0,985.90,0,11.50,11.60,11.40,,995.53,8.2800
"2024-01-07 06:00:00",4.1500,5.85,68.2000,0,0,986.00,0,11.50,11.70,11.40,,995.63,8.1800
"2024-01-07 06:10:00",4.1500,5.86,67.8000,0,0,986.05,0,11.60,11.70,11.50,,995.68,8.2400
"2024-01-07 06:20:00",4.1500,5.65,66.4000,0,0,986.20,0,11.70,11.90,11.60,,995.83,8.1900
"2024-01-07 06:30:00",4.1500,5.62,65.8000,0,0,986.20,0,11.80,11.80,11.80,,995.82,8.2200
"2024-01-07 06:40:00",4.1500,5.67,65.6000,0,0,986.20,0,11.90,12.00,11.80,,995.82,8.2900
"2024-01-07 06:50:00",4.1500,5.62,65.4000,0,0,986.35,0,11.90,12.00,11.90,,995.97,8.2700
"2024-01-07 07:00:00",4.1500,5.72,65.4000,0,0,986.55,0,12.00,12.10,12.00,,996.17,8.3600
"2024-01-07 07:10:00",4.1500,5.45,64.2000,2,4,986.55,0,12.00,12.00,12.00,,996.17,8.2400
"2024-01-07 07:20:00",4.1500,5.58,65.2000,10,12,986.55,0,11.90,11.90,11.80,,996.17,8.2500
"2024-01-07 07:30:00",4.1500,5.84,66.4000,12,12,986.80,0,11.90,11.90,11.80,,996.42,8.3700
"2024-01-07 07:40:00",4.1500,6.13,68.2000,12,12,986.75,0,11.80,11.90,11.70,,996.38,8.4600
"2024-01-07 07:50:00",4.1500,6.91,72.4000,14,16,986.85,0,11.70,11.90,11.50,,996.48,8.7900
"2024-01-07 08:00:00",4.1500,7.05,74.6000,18,20,987.00,0,11.40,11.50,11.20,,996.64,8.7300
"2024-01-07 08:10:00",4.1500,6.94,74.0000,18,18,987.05,0,11.40,11.60,11.30,,996.69,8.6700
"2024-01-07 08:20:00",4.1500,7.17,76.2000,20,22,987.05,0,11.20,11.30,11.00,,996.70,8.7000
"2024-01-07 08:30:00",4.1500,7.22,78.0000,24,26,987.30,0,10.90,11.00,10.80,,996.97,8.5900
"2024-01-07 08:40:00",4.1500,7.35,78.2000,34,36,987.45,0,11.00,11.20,10.90,,997.11,8.7100
"2024-01-07 08:50:00",4.1500,7.03,76.0000,28,34,987.50,0,11.10,11.30,10.90,,997.16,8.5800
"2024-01-07 09:00:00",4.1500,7.47,78.8000,18,20,987.70,0,11.00,11.20,10.80,,997.37,8.7700
"2024-01-07 09:10:00",4.1500,7.24,77.6000,14,16,987.80,0,11.00,11.30,10.80,,997.47,8.6500
"2024-01-07 09:20:00",4.1500,6.90,74.8000,24,30,987.80,0,11.20,11.40,11.10,,997.46,8.5600
"2024-01-07 09:30:00",4.1500,6.68,73.2000,38,42,987.90,0,11.30,11.50,11.10,,997.56,8.4900
"2024-01-07 09:40:00",4.1500,6.86,73.6000,44,44,987.95,0,11.40,11.60,11.30,,997.60,8.6300
"2024-01-07 09:50:00",4.1500,6.58,72.2000,44,44,988.05,0,11.40,11.50,11.30,,997.70,8.4900
"2024-01-07 10:00:00",4.1500,6.67,72.2000,44,44,988.15,0,11.50,11.70,11.40,,997.80,8.5800
"2024-01-07 10:10:00",4.1500,7.03,74.0000,40,42,988.05,0,11.50,11.70,11.20,,997.70,8.7600
"2024-01-07 10:20:00",4.1500,7.41,78.0000,34,36,988.05,0,11.10,11.20,11.00,,997.72,8.7800
"2024-01-07 10:30:00",4.1500,6.94,76.0000,40,42,988.15,0,11.00,11.10,10.90,,997.82,8.4900
"2024-01-07 10:40:00",4.1500,6.74,74.0000,48,52,988.20,0,11.20,11.40,11.10,,997.86,8.4800
"2024-01-07 10:50:00",4.1500,6.97,74.2000,54,62,988.20,0,11.40,11.50,11.30,,997.86,8.6900
"2024-01-07 11:00:00",4.1500,6.74,71.6000,68,76,987.80,0,11.70,11.90,11.50,,997.44,8.7100
"2024-01-07 11:10:00",4.1500,7.11,73.4000,68,78,987.60,0,11.70,12.00,11.30,,997.24,8.8900
"2024-01-07 11:20:00",4.1500,7.19,76.8000,54,58,987.95,0,11.10,11.30,10.90,,997.62,8.6600
"2024-01-07 11:30:00",4.1500,7.24,77.6000,58,60,988.00,0,11.00,11.20,10.90,,997.67,8.6500
"2024-01-07 11:40:00",4.1500,7.03,76.0000,50,60,987.95,0,11.10,11.20,11.00,,997.62,8.5800
"2024-01-07 11:50:00",4.1500,7.32,77.0000,32,40,987.95,0,11.20,11.30,11.10,,997.61,8.7800
"2024-01-07 12:00:00",4.1500,6.88,74.2000,44,64,987.80,0,11.30,11.40,11.20,,997.46,8.5900
"2024-01-07 12:10:00",4.1500,6.51,71.4000,70,74,987.60,0,11.50,11.60,11.40,,997.25,8.5000
"2024-01-07 12:20:00",4.1500,6.24,69.6000,74,78,987.60,0,11.60,11.70,11.50,,997.24,8.4100
"2024-01-07 12:30:00",4.1500,6.61,71.4000,84,90,987.70,0,11.60,11.80,11.50,,997.34,8.6000
"2024-01-07 12:40:00",4.1500,6.89,72.8000,66,84,987.80,0,11.60,11.70,11.50,,997.44,8.7400
"2024-01-07 12:50:00",4.1500,7.01,73.4000,50,56,987.80,0,11.60,11.70,11.60,,997.44,8.8000
"2024-01-07 13:00:00",4.1500,7.19,74.8000,56,62,987.65,0,11.50,11.70,11.40,,997.30,8.8400
"2024-01-07 13:10:00",4.1500,7.29,75.8000,60,62,987.60,0,11.40,11.70,11.30,,997.25,8.8500
"2024-01-07 13:20:00",4.1500,6.88,75.2000,64,72,987.50,0,11.10,11.20,11.00,,997.16,8.5000
"2024-01-07 13:30:00",4.1500,6.92,74.4000,78,86,987.60,0,11.30,11.60,11.20,,997.25,8.6100
"2024-01-07 13:40:00",4.1500,6.56,72.6000,54,72,987.65,0,11.30,11.40,11.20,,997.30,8.4300
"2024-01-07 13:50:00",4.1500,6.58,72.2000,56,70,987.75,0,11.40,11.60,11.30,,997.40,8.4900
"2024-01-07 14:00:00",4.1500,6.54,72.0000,62,70,987.80,0,11.40,11.60,11.20,,997.45,8.4700
"2024-01-07 14:10:00",4.1500,6.66,72.6000,52,52,988.00,0,11.40,11.50,11.40,,997.65,8.5300
"2024-01-07 14:20:00",4.1500,6.46,71.6000,42,52,988.00,0,11.40,11.50,11.30,,997.65,8.4300
"2024-01-07 14:30:00",4.1500,6.85,72.6000,28,32,988.05,0,11.60,11.80,11.40,,997.70,8.7200
"2024-01-07 14:40:00",4.1500,7.07,74.2000,22,26,988.00,0,11.50,11.60,11.40,,997.65,8.7800
"2024-01-07 14:50:00",4.1500,7.05,74.6000,26,26,987.95,0,11.40,11.60,11.20,,997.60,8.7300
"2024-01-07 15:00:00",4.1500,7.13,75.0000,20,22,988.10,0,11.40,11.50,11.40,,997.76,8.7700
"2024-01-07 15:10:00",4.1500,7.49,77.4000,18,18,988.20,0,11.30,11.50,11.10,,997.86,8.9100
"2024-01-07 15:20:00",4.1500,7.16,78.2000,20,20,988.20,0,10.80,11.00,10.70,,997.88,8.5200
"2024-01-07 15:30:00",4.1500,7.28,77.8000,16,18,988.20,0,11.00,11.30,10.90,,997.87,8.6700
"2024-01-07 15:40:00",4.1500,7.05,76.6000,12,12,988.25,0,11.00,11.10,10.90,,997.92,8.5500
"2024-01-07 15:50:00",4.1500,6.94,76.0000,8,10,988.35,0,11.00,11.20,10.90,,998.02,8.4900
"2024-01-07 16:00:00",4.1500,6.76,74.6000,4,6,988.40,0,11.10,11.30,11.00,,998.07,8.4400
"2024-01-07 16:10:00",4.1500,7.05,75.6000,2,2,988.65,0,11.20,11.40,11.10,,998.32,8.6400
"2024-01-07 16:20:00",4.1500,7.02,75.4000,0,0,988.80,0,11.20,11.40,11.10,,998.47,8.6200
"2024-01-07 16:30:00",4.1500,7.05,75.6000,0,0,988.95,0,11.20,11.40,11.10,,998.62,8.6400
"2024-01-07 16:40:00",4.1500,6.53,73.4000,0,0,989.10,0,11.10,11.30,11.00,,998.78,8.3300
"2024-01-07 16:50:00",4.1500,6.68,74.2000,0,0,989.20,0,11.10,11.20,11.00,,998.88,8.4000
"2024-01-07 17:00:00",4.1500,7.03,76.0000,0,0,989.35,0,11.10,11.30,11.00,,999.03,8.5800
"2024-01-07 17:10:00",4.1500,6.84,75.0000,0,0,989.35,0,11.10,11.30,10.90,,999.03,8.4800
"2024-01-07 17:20:00",4.1500,6.72,74.4000,0,0,989.35,0,11.10,11.20,11.00,,999.03,8.4200
"2024-01-07 17:30:00",4.1500,6.80,74.8000,0,0,989.45,0,11.10,11.20,11.00,,999.13,8.4600
"2024-01-07 17:40:00",4.1500,6.82,75.4000,0,0,989.55,0,11.00,11.10,11.00,,999.23,8.4300
"2024-01-07 17:50:00",4.1500,6.90,74.8000,0,0,989.60,0,11.20,11.40,11.10,,999.28,8.5600
"2024-01-07 18:00:00",4.1500,6.90,74.8000,0,0,989.60,0,11.20,11.30,11.10,,999.28,8.5600
"2024-01-07 18:10:00",4.1500,7.02,75.4000,0,0,989.70,0,11.20,11.40,11.10,,999.38,8.6200
"2024-01-07 18:20:00",4.1500,6.61,73.8000,0,0,989.80,0,11.10,11.20,11.00,,999.48,8.3600
"2024-01-07 18:30:00",4.1500,6.28,71.2000,0,0,989.80,0,11.30,11.30,11.30,,999.48,8.2900
"2024-01-07 18:40:00",4.1500,6.47,71.2000,0,0,989.85,0,11.50,11.70,11.40,,999.52,8.4800
"2024-01-07 18:50:00",4.1500,6.27,70.2000,0,0,989.90,0,11.50,11.70,11.30,,999.57,8.3800
"2024-01-07 19:00:00",4.1500,6.00,69.4000,0,0,989.85,0,11.40,11.40,11.30,,999.52,8.2100
"2024-01-07 19:10:00",4.1500,6.42,71.4000,0,0,989.85,0,11.40,11.60,11.20,,999.52,8.4100
"2024-01-07 19:20:00",4.1500,6.09,71.2000,0,0,989.85,0,11.10,11.20,11.00,,999.53,8.1100
"2024-01-07 19:30:00",4.1500,6.45,73.0000,0,0,990.00,0,11.10,11.20,11.00,,999.69,8.2900
"2024-01-07 19:40:00",4.1500,6.39,73.2000,0,0,990.00,0,11.00,11.10,10.90,,999.69,8.2100
"2024-01-07 19:50:00",4.1500,6.94,76.0000,0,0,990.10,0,11.00,11.20,10.90,,999.79,8.4900
"2024-01-07 20:00:00",4.1500,7.09,76.8000,0,0,990.15,0,11.00,11.20,10.80,,999.84,8.5700
"2024-01-07 20:10:00",4.1500,7.07,77.2000,0,0,990.20,0,10.90,11.00,10.80,,999.89,8.5100
"2024-01-07 20:20:00",4.1500,6.86,76.6000,0,0,990.30,0,10.80,10.90,10.60,,1000.00,8.3600
"2024-01-07 20:30:00",4.1500,7.18,77.8000,0,0,990.40,0,10.90,11.00,10.80,,1000.10,8.5700
"2024-01-07 20:40:00",4.1500,7.18,77.8000,0,0,990.40,0,10.90,11.00,10.80,,1000.10,8.5700
"2024-01-07 20:50:00",4.1500,7.34,79.2000,0,0,990.40,0,10.80,11.10,10.60,,1000.10,8.6200
"2024-01-07 21:00:00",4.1500,7.32,79.6000,0,0,990.50,0,10.70,10.80,10.60,,1000.21,8.5600
"2024-01-07 21:10:00",4.1500,7.37,80.4000,0,0,990.50,0,10.60,10.90,10.40,,1000.21,8.5400
"2024-01-07 21:20:00",4.1500,7.43,80.2000,0,0,990.50,0,10.70,10.80,10.60,,1000.21,8.6200
"2024-01-07 21:30:00",4.1500,6.98,78.8000,0,0,990.55,0,10.50,10.60,10.40,,1000.26,8.2900
"2024-01-07 21:40:00",4.1500,6.95,77.6000,0,0,990.55,0,10.70,10.80,10.50,,1000.26,8.3600
"2024-01-07 21:50:00",4.1500,7.29,78.4000,0,0,990.65,0,10.90,11.00,10.70,,1000.35,8.6300
"2024-01-07 22:00:00",4.1500,7.34,80.8000,0,0,990.60,0,10.50,10.80,10.30,,1000.31,8.4900
"2024-01-07 22:10:00",4.1500,7.04,78.6000,0,0,990.60,0,10.60,10.80,10.30,,1000.31,8.3700
"2024-01-07 22:20:00",4.1500,7.08,78.8000,0,0,990.65,0,10.60,10.70,10.50,,1000.36,8.3900
"2024-01-07 22:30:00",4.1500,7.00,78.4000,0,0,990.70,0,10.60,10.80,10.50,,1000.41,8.3500
"2024-01-07 22:40:00",4.1500,6.85,77.6000,0,0,990.75,0,10.60,10.70,10.50,,1000.46,8.2700
"2024-01-07 22:50:00",4.1500,7.34,79.2000,0,0,990.75,0,10.80,11.10,10.60,,1000.45,8.6200
"2024-01-07 23:00:00",4.1500,7.30,80.0000,0,0,990.85,0,10.60,10.70,10.50,,1000.56,8.5000
"2024-01-07 23:10:00",4.1500,7.30,80.0000,0,0,990.80,0,10.60,10.70,10.50,,1000.51,8.5000
"2024-01-07 23:20:00",4.1500,7.41,80.6000,0,0,990.75,0,10.60,10.90,10.40,,1000.46,8.5600
"2024-01-07 23:30:00",4.1500,7.22,79.6000,0,0,990.80,0,10.60,10.90,10.40,,1000.51,8.4600
"2024-01-07 23:40:00",4.1500,7.61,81.2000,0,0,990.90,0,10.70,10.90,10.60,,1000.61,8.7200
"2024-01-07 23:50:00",4.1500,7.51,81.2000,0,0,990.95,0,10.60,10.80,10.50,,1000.66,8.6200
"2024-01-08 00:00:00",4.1500,8.01,84.0000,0,0,990.95,0,10.60,10.70,10.50,,1000.66,8.9000
"2024-01-08 00:10:00",4.1500,8.05,84.2000,0,0,990.95,0,10.60,10.80,10.40,,1000.66,8.9200
"2024-01-08 00:20:00",4.1500,7.74,83.0000,0,0,990.95,0,10.50,10.70,10.40,,1000.67,8.7100
"2024-01-08 00:30:00",4.1500,7.51,81.2000,0,0,990.95,0,10.60,10.70,10.50,,1000.66,8.6200
"2024-01-08 00:40:00",4.1500,7.42,79.6000,0,0,991.00,0,10.80,10.90,10.60,,1000.71,8.6600
"2024-01-08 00:50:00",4.1500,7.63,80.2000,0,0,990.95,0,10.90,11.10,10.70,,1000.65,8.8100
"2024-01-08 01:00:00",4.1500,7.59,80.0000,0,0,991.05,0,10.90,11.10,10.70,,1000.75,8.7900
"2024-01-08 01:10:00",4.1500,7.59,80.0000,0,0,991.15,0,10.90,11.00,10.80,,1000.85,8.7900
"2024-01-08 01:20:00",4.1500,7.83,80.8000,0,0,991.20,0,11.00,11.20,10.80,,1000.90,8.9700
"2024-01-08 01:30:00",4.1500,7.55,79.8000,0,0,991.25,0,10.90,11.10,10.80,,1000.95,8.7700
"2024-01-08 01:40:00",4.1500,7.76,80.4000,0,0,991.45,0,11.00,11.20,10.90,,1001.15,8.9300
"2024-01-08 01:50:00",4.1500,7.65,79.8000,0,0,991.40,0,11.00,11.20,10.80,,1001.10,8.8700
"2024-01-08 02:00:00",4.1500,7.65,79.8000,0,0,991.55,0,11.00,11.20,10.90,,1001.25,8.8700
"2024-01-08 02:10:00",4.1500,7.58,79.4000,0,0,991.60,0,11.00,11.10,10.90,,1001.30,8.8300
"2024-01-08 02:20:00",4.1500,7.47,78.8000,0,0,991.70,0,11.00,11.30,10.80,,1001.41,8.7700
"2024-01-08 02:30:00",4.1500,7.49,78.4000,0,0,991.80,0,11.10,11.30,10.90,,1001.50,8.8200
"2024-01-08 02:40:00",4.1500,7.45,78.2000,0,0,991.90,0,11.10,11.20,11.00,,1001.60,8.8000
"2024-01-08 02:50:00",4.1500,7.71,79.6000,0,0,991.95,0,11.10,11.40,11.00,,1001.65,8.9400
"2024-01-08 03:00:00",4.1500,7.56,78.8000,0,0,991.90,0,11.10,11.20,11.00,,1001.60,8.8600
"2024-01-08 03:10:00",4.1500,7.41,78.0000,0,0,991.95,0,11.10,11.20,11.00,,1001.65,8.7800
"2024-01-08 03:20:00",4.1500,7.45,78.2000,0,0,991.95,0,11.10,11.20,11.00,,1001.65,8.8000
"2024-01-08 03:30:00",4.1500,7.86,80.4000,0,0,991.90,0,11.10,11.30,10.90,,1001.60,9.0300
"2024-01-08 03:40:00",4.1500,8.14,83.6000,0,0,992.00,0,10.80,10.90,10.70,,1001.72,9.0600
"2024-01-08 03:50:00",4.1500,8.17,83.8000,0,0,991.95,0,10.80,10.90,10.60,,1001.67,9.0800
"2024-01-08 04:00:00",4.1500,8.15,84.8000,0,0,992.10,0,10.60,10.80,10.50,,1001.82,8.9800
"2024-01-08 04:10:00",4.1500,8.23,85.8000,0,0,992.25,0,10.50,10.60,10.40,,1001.98,8.9900
"2024-01-08 04:20:00",4.1500,8.05,84.8000,0,0,992.20,0,10.50,10.80,10.40,,1001.93,8.8900
"2024-01-08 04:30:00",4.1500,8.38,84.4000,0,0,992.15,0,10.90,11.00,10.80,,1001.86,9.2400
"2024-01-08 04:40:00",4.1500,8.41,84.6000,0,0,992.10,0,10.90,11.00,10.80,,1001.81,9.2600
"2024-01-08 04:50:00",4.1500,8.41,84.6000,0,0,992.15,0,10.90,11.20,10.70,,1001.86,9.2600
"2024-01-08 05:00:00",4.1500,8.03,83.0000,0,0,992.25,0,10.80,10.90,10.70,,1001.97,9.0000
"2024-01-08 05:10:00",4.1500,7.65,81.4000,0,0,992.40,0,10.70,10.90,10.60,,1002.12,8.7400
"2024-01-08 05:20:00",4.1500,7.88,81.6000,0,0,992.50,0,10.90,11.00,10.80,,1002.22,8.9500
"2024-01-08 05:30:00",4.1500,7.77,81.0000,0,0,992.60,0,10.90,11.00,10.80,,1002.32,8.8900
"2024-01-08 05:40:00",4.1500,7.67,81.0000,0,0,992.75,0,10.80,10.90,10.70,,1002.47,8.8000
"2024-01-08 05:50:00",4.1500,7.92,81.8000,0,0,992.90,0,10.90,11.00,10.80,,1002.62,8.9700
"2024-01-08 06:00:00",4.1500,7.51,81.2000,0,0,993.00,0,10.60,10.90,10.40,,1002.73,8.6200
"2024-01-08 06:10:00",4.1500,7.26,79.8000,0,0,993.00,0,10.60,10.80,10.60,,1002.73,8.4800
"2024-01-08 06:20:00",4.1500,7.43,80.2000,0,0,993.10,0,10.70,10.80,10.60,,1002.83,8.6200
"2024-01-08 06:30:00",4.1500,7.41,80.6000,0,0,993.20,0,10.60,10.60,10.60,,1002.94,8.5600
"2024-01-08 06:40:00",4.1500,7.55,81.4000,0,0,993.25,0,10.60,10.70,10.50,,1002.99,8.6400
"2024-01-08 06:50:00",4.1500,7.36,81.4000,0,0,993.25,0,10.40,10.50,10.30,,1002.99,8.4500
"2024-01-08 07:00:00",4.1500,7.19,81.0000,0,0,993.40,0,10.30,10.40,10.20,,1003.15,8.3200
"2024-01-08 07:10:00",4.1500,7.45,81.4000,2,2,993.55,0,10.50,10.50,10.40,,1003.29,8.5500
"2024-01-08 07:20:00",4.1500,7.43,81.8000,4,4,993.70,0,10.40,10.50,10.30,,1003.45,8.4900
"2024-01-08 07:30:00",4.1500,7.52,81.8000,8,8,993.85,0,10.50,10.50,10.50,,1003.60,8.5900
"2024-01-08 07:40:00",4.1500,7.52,81.8000,12,14,993.95,0,10.50,10.50,10.40,,1003.70,8.5900
"2024-01-08 07:50:00",4.1500,7.52,81.8000,16,16,994.00,0,10.50,10.50,10.50,,1003.75,8.5900
"2024-01-08 08:00:00",4.1500,7.59,81.6000,16,16,994.10,0,10.60,10.70,10.50,,1003.84,8.6600
"2024-01-08 08:10:00",4.1500,7.61,81.2000,18,18,994.30,0,10.70,10.90,10.70,,1004.04,8.7200
"2024-01-08 08:20:00",4.1500,7.67,81.0000,20,22,994.40,0,10.80,10.80,10.80,,1004.14,8.8000
"2024-01-08 08:30:00",4.1500,7.56,80.4000,26,28,994.55,0,10.80,11.00,10.70,,1004.29,8.7400
"2024-01-08 08:40:00",4.1500,7.42,79.6000,32,36,994.70,0,10.80,10.90,10.70,,1004.44,8.6600
"2024-01-08 08:50:00",4.1500,7.27,78.8000,40,42,994.90,0,10.80,10.80,10.70,,1004.64,8.5800
"2024-01-08 09:00:00",4.1500,7.23,78.6000,46,48,995.05,0,10.80,10.80,10.70,,1004.80,8.5600
"2024-01-08 09:10:00",4.1500,7.29,78.4000,52,56,995.15,0,10.90,11.00,10.90,,1004.89,8.6300
